[{"model": "admin.logentry", "pk": 1, "fields": {"action_time": "2024-09-02T13:06:26.707Z", "user": 1, "content_type": 11, "object_id": "1", "object_repr": "Google", "action_flag": 1, "change_message": "[{\"added\": {}}]"}}, {"model": "admin.logentry", "pk": 2, "fields": {"action_time": "2024-09-02T15:19:11.559Z", "user": 1, "content_type": 7, "object_id": "2", "object_repr": "http://127.0.0.1:8000/", "action_flag": 1, "change_message": "[{\"added\": {}}]"}}, {"model": "admin.logentry", "pk": 3, "fields": {"action_time": "2024-09-02T15:19:18.351Z", "user": 1, "content_type": 7, "object_id": "1", "object_repr": "example.com", "action_flag": 3, "change_message": ""}}, {"model": "admin.logentry", "pk": 4, "fields": {"action_time": "2024-09-02T15:19:57.007Z", "user": 1, "content_type": 11, "object_id": "1", "object_repr": "Google", "action_flag": 2, "change_message": "[{\"changed\": {\"fields\": [\"Sites\"]}}]"}}, {"model": "admin.logentry", "pk": 5, "fields": {"action_time": "2024-09-02T15:19:57.084Z", "user": 1, "content_type": 11, "object_id": "1", "object_repr": "Google", "action_flag": 2, "change_message": "[]"}}, {"model": "admin.logentry", "pk": 6, "fields": {"action_time": "2024-09-02T15:19:59.114Z", "user": 1, "content_type": 11, "object_id": "1", "object_repr": "Google", "action_flag": 2, "change_message": "[]"}}, {"model": "admin.logentry", "pk": 7, "fields": {"action_time": "2024-09-02T15:22:15.022Z", "user": 1, "content_type": 11, "object_id": "1", "object_repr": "Google", "action_flag": 2, "change_message": "[{\"changed\": {\"fields\": [\"Sites\"]}}]"}}, {"model": "admin.logentry", "pk": 8, "fields": {"action_time": "2024-09-02T15:22:40.148Z", "user": 1, "content_type": 7, "object_id": "3", "object_repr": "http://127.0.0.1:8000", "action_flag": 1, "change_message": "[{\"added\": {}}]"}}, {"model": "admin.logentry", "pk": 9, "fields": {"action_time": "2024-09-02T15:23:18.198Z", "user": 1, "content_type": 11, "object_id": "1", "object_repr": "Google", "action_flag": 2, "change_message": "[{\"changed\": {\"fields\": [\"Sites\"]}}]"}}, {"model": "admin.logentry", "pk": 10, "fields": {"action_time": "2024-09-04T04:27:13.561Z", "user": 1, "content_type": 7, "object_id": "2", "object_repr": "http://127.0.0.1:8000/", "action_flag": 3, "change_message": ""}}, {"model": "admin.logentry", "pk": 11, "fields": {"action_time": "2024-09-04T04:44:05.721Z", "user": 1, "content_type": 11, "object_id": "1", "object_repr": "Google", "action_flag": 2, "change_message": "[{\"changed\": {\"fields\": [\"Client id\", \"Secret key\"]}}]"}}, {"model": "admin.logentry", "pk": 12, "fields": {"action_time": "2024-09-04T04:49:04.920Z", "user": 1, "content_type": 11, "object_id": "1", "object_repr": "Google", "action_flag": 2, "change_message": "[{\"changed\": {\"fields\": [\"Client id\", \"Secret key\"]}}]"}}, {"model": "admin.logentry", "pk": 13, "fields": {"action_time": "2024-09-04T05:09:36.076Z", "user": 1, "content_type": 11, "object_id": "1", "object_repr": "Google", "action_flag": 2, "change_message": "[]"}}, {"model": "admin.logentry", "pk": 14, "fields": {"action_time": "2024-11-21T13:26:15.449Z", "user": 1, "content_type": 4, "object_id": "1", "object_repr": "aj@cavitestateuniversity07062024", "action_flag": 2, "change_message": "[{\"changed\": {\"fields\": [\"Username\"]}}]"}}, {"model": "admin.logentry", "pk": 15, "fields": {"action_time": "2024-11-21T13:28:02.736Z", "user": 1, "content_type": 4, "object_id": "1", "object_repr": "aj@cavitestateuniversity09062024", "action_flag": 2, "change_message": "[{\"changed\": {\"fields\": [\"Username\"]}}]"}}, {"model": "admin.logentry", "pk": 16, "fields": {"action_time": "2024-11-21T13:28:22.398Z", "user": 1, "content_type": 4, "object_id": "1", "object_repr": "aj@cavitestateuniversity09062024", "action_flag": 2, "change_message": "[{\"changed\": {\"fields\": [\"password\"]}}]"}}, {"model": "admin.logentry", "pk": 17, "fields": {"action_time": "2024-11-21T13:28:40.504Z", "user": 1, "content_type": 4, "object_id": "1", "object_repr": "aj@cavitestateuniversity09062024", "action_flag": 2, "change_message": "[]"}}, {"model": "auth.permission", "pk": 1, "fields": {"name": "Can add log entry", "content_type": 1, "codename": "add_logentry"}}, {"model": "auth.permission", "pk": 2, "fields": {"name": "Can change log entry", "content_type": 1, "codename": "change_logentry"}}, {"model": "auth.permission", "pk": 3, "fields": {"name": "Can delete log entry", "content_type": 1, "codename": "delete_logentry"}}, {"model": "auth.permission", "pk": 4, "fields": {"name": "Can view log entry", "content_type": 1, "codename": "view_logentry"}}, {"model": "auth.permission", "pk": 5, "fields": {"name": "Can add permission", "content_type": 2, "codename": "add_permission"}}, {"model": "auth.permission", "pk": 6, "fields": {"name": "Can change permission", "content_type": 2, "codename": "change_permission"}}, {"model": "auth.permission", "pk": 7, "fields": {"name": "Can delete permission", "content_type": 2, "codename": "delete_permission"}}, {"model": "auth.permission", "pk": 8, "fields": {"name": "Can view permission", "content_type": 2, "codename": "view_permission"}}, {"model": "auth.permission", "pk": 9, "fields": {"name": "Can add group", "content_type": 3, "codename": "add_group"}}, {"model": "auth.permission", "pk": 10, "fields": {"name": "Can change group", "content_type": 3, "codename": "change_group"}}, {"model": "auth.permission", "pk": 11, "fields": {"name": "Can delete group", "content_type": 3, "codename": "delete_group"}}, {"model": "auth.permission", "pk": 12, "fields": {"name": "Can view group", "content_type": 3, "codename": "view_group"}}, {"model": "auth.permission", "pk": 13, "fields": {"name": "Can add user", "content_type": 4, "codename": "add_user"}}, {"model": "auth.permission", "pk": 14, "fields": {"name": "Can change user", "content_type": 4, "codename": "change_user"}}, {"model": "auth.permission", "pk": 15, "fields": {"name": "Can delete user", "content_type": 4, "codename": "delete_user"}}, {"model": "auth.permission", "pk": 16, "fields": {"name": "Can view user", "content_type": 4, "codename": "view_user"}}, {"model": "auth.permission", "pk": 17, "fields": {"name": "Can add content type", "content_type": 5, "codename": "add_contenttype"}}, {"model": "auth.permission", "pk": 18, "fields": {"name": "Can change content type", "content_type": 5, "codename": "change_contenttype"}}, {"model": "auth.permission", "pk": 19, "fields": {"name": "Can delete content type", "content_type": 5, "codename": "delete_contenttype"}}, {"model": "auth.permission", "pk": 20, "fields": {"name": "Can view content type", "content_type": 5, "codename": "view_contenttype"}}, {"model": "auth.permission", "pk": 21, "fields": {"name": "Can add session", "content_type": 6, "codename": "add_session"}}, {"model": "auth.permission", "pk": 22, "fields": {"name": "Can change session", "content_type": 6, "codename": "change_session"}}, {"model": "auth.permission", "pk": 23, "fields": {"name": "Can delete session", "content_type": 6, "codename": "delete_session"}}, {"model": "auth.permission", "pk": 24, "fields": {"name": "Can view session", "content_type": 6, "codename": "view_session"}}, {"model": "auth.permission", "pk": 25, "fields": {"name": "Can add site", "content_type": 7, "codename": "add_site"}}, {"model": "auth.permission", "pk": 26, "fields": {"name": "Can change site", "content_type": 7, "codename": "change_site"}}, {"model": "auth.permission", "pk": 27, "fields": {"name": "Can delete site", "content_type": 7, "codename": "delete_site"}}, {"model": "auth.permission", "pk": 28, "fields": {"name": "Can view site", "content_type": 7, "codename": "view_site"}}, {"model": "auth.permission", "pk": 29, "fields": {"name": "Can add email address", "content_type": 8, "codename": "add_emailaddress"}}, {"model": "auth.permission", "pk": 30, "fields": {"name": "Can change email address", "content_type": 8, "codename": "change_emailaddress"}}, {"model": "auth.permission", "pk": 31, "fields": {"name": "Can delete email address", "content_type": 8, "codename": "delete_emailaddress"}}, {"model": "auth.permission", "pk": 32, "fields": {"name": "Can view email address", "content_type": 8, "codename": "view_emailaddress"}}, {"model": "auth.permission", "pk": 33, "fields": {"name": "Can add email confirmation", "content_type": 9, "codename": "add_emailconfirmation"}}, {"model": "auth.permission", "pk": 34, "fields": {"name": "Can change email confirmation", "content_type": 9, "codename": "change_emailconfirmation"}}, {"model": "auth.permission", "pk": 35, "fields": {"name": "Can delete email confirmation", "content_type": 9, "codename": "delete_emailconfirmation"}}, {"model": "auth.permission", "pk": 36, "fields": {"name": "Can view email confirmation", "content_type": 9, "codename": "view_emailconfirmation"}}, {"model": "auth.permission", "pk": 37, "fields": {"name": "Can add social account", "content_type": 10, "codename": "add_socialaccount"}}, {"model": "auth.permission", "pk": 38, "fields": {"name": "Can change social account", "content_type": 10, "codename": "change_socialaccount"}}, {"model": "auth.permission", "pk": 39, "fields": {"name": "Can delete social account", "content_type": 10, "codename": "delete_socialaccount"}}, {"model": "auth.permission", "pk": 40, "fields": {"name": "Can view social account", "content_type": 10, "codename": "view_socialaccount"}}, {"model": "auth.permission", "pk": 41, "fields": {"name": "Can add social application", "content_type": 11, "codename": "add_socialapp"}}, {"model": "auth.permission", "pk": 42, "fields": {"name": "Can change social application", "content_type": 11, "codename": "change_socialapp"}}, {"model": "auth.permission", "pk": 43, "fields": {"name": "Can delete social application", "content_type": 11, "codename": "delete_socialapp"}}, {"model": "auth.permission", "pk": 44, "fields": {"name": "Can view social application", "content_type": 11, "codename": "view_socialapp"}}, {"model": "auth.permission", "pk": 45, "fields": {"name": "Can add social application token", "content_type": 12, "codename": "add_socialtoken"}}, {"model": "auth.permission", "pk": 46, "fields": {"name": "Can change social application token", "content_type": 12, "codename": "change_socialtoken"}}, {"model": "auth.permission", "pk": 47, "fields": {"name": "Can delete social application token", "content_type": 12, "codename": "delete_socialtoken"}}, {"model": "auth.permission", "pk": 48, "fields": {"name": "Can view social application token", "content_type": 12, "codename": "view_socialtoken"}}, {"model": "auth.permission", "pk": 49, "fields": {"name": "Can add survey", "content_type": 13, "codename": "add_survey"}}, {"model": "auth.permission", "pk": 50, "fields": {"name": "Can change survey", "content_type": 13, "codename": "change_survey"}}, {"model": "auth.permission", "pk": 51, "fields": {"name": "Can delete survey", "content_type": 13, "codename": "delete_survey"}}, {"model": "auth.permission", "pk": 52, "fields": {"name": "Can view survey", "content_type": 13, "codename": "view_survey"}}, {"model": "auth.permission", "pk": 53, "fields": {"name": "Can add survey", "content_type": 14, "codename": "add_survey"}}, {"model": "auth.permission", "pk": 54, "fields": {"name": "Can change survey", "content_type": 14, "codename": "change_survey"}}, {"model": "auth.permission", "pk": 55, "fields": {"name": "Can delete survey", "content_type": 14, "codename": "delete_survey"}}, {"model": "auth.permission", "pk": 56, "fields": {"name": "Can view survey", "content_type": 14, "codename": "view_survey"}}, {"model": "auth.permission", "pk": 57, "fields": {"name": "Can add user answer", "content_type": 15, "codename": "add_useranswer"}}, {"model": "auth.permission", "pk": 58, "fields": {"name": "Can change user answer", "content_type": 15, "codename": "change_useranswer"}}, {"model": "auth.permission", "pk": 59, "fields": {"name": "Can delete user answer", "content_type": 15, "codename": "delete_useranswer"}}, {"model": "auth.permission", "pk": 60, "fields": {"name": "Can view user answer", "content_type": 15, "codename": "view_useranswer"}}, {"model": "auth.permission", "pk": 61, "fields": {"name": "Can add question", "content_type": 16, "codename": "add_question"}}, {"model": "auth.permission", "pk": 62, "fields": {"name": "Can change question", "content_type": 16, "codename": "change_question"}}, {"model": "auth.permission", "pk": 63, "fields": {"name": "Can delete question", "content_type": 16, "codename": "delete_question"}}, {"model": "auth.permission", "pk": 64, "fields": {"name": "Can view question", "content_type": 16, "codename": "view_question"}}, {"model": "auth.permission", "pk": 65, "fields": {"name": "Can add answer", "content_type": 17, "codename": "add_answer"}}, {"model": "auth.permission", "pk": 66, "fields": {"name": "Can change answer", "content_type": 17, "codename": "change_answer"}}, {"model": "auth.permission", "pk": 67, "fields": {"name": "Can delete answer", "content_type": 17, "codename": "delete_answer"}}, {"model": "auth.permission", "pk": 68, "fields": {"name": "Can view answer", "content_type": 17, "codename": "view_answer"}}, {"model": "auth.permission", "pk": 69, "fields": {"name": "Can add terms validators", "content_type": 18, "codename": "add_termsvalidators"}}, {"model": "auth.permission", "pk": 70, "fields": {"name": "Can change terms validators", "content_type": 18, "codename": "change_termsvalidators"}}, {"model": "auth.permission", "pk": 71, "fields": {"name": "Can delete terms validators", "content_type": 18, "codename": "delete_termsvalidators"}}, {"model": "auth.permission", "pk": 72, "fields": {"name": "Can view terms validators", "content_type": 18, "codename": "view_termsvalidators"}}, {"model": "auth.permission", "pk": 73, "fields": {"name": "Can add category", "content_type": 19, "codename": "add_category"}}, {"model": "auth.permission", "pk": 74, "fields": {"name": "Can change category", "content_type": 19, "codename": "change_category"}}, {"model": "auth.permission", "pk": 75, "fields": {"name": "Can delete category", "content_type": 19, "codename": "delete_category"}}, {"model": "auth.permission", "pk": 76, "fields": {"name": "Can view category", "content_type": 19, "codename": "view_category"}}, {"model": "auth.permission", "pk": 77, "fields": {"name": "Can add answer easy cspear", "content_type": 20, "codename": "add_answereasycspear"}}, {"model": "auth.permission", "pk": 78, "fields": {"name": "Can change answer easy cspear", "content_type": 20, "codename": "change_answereasycspear"}}, {"model": "auth.permission", "pk": 79, "fields": {"name": "Can delete answer easy cspear", "content_type": 20, "codename": "delete_answereasycspear"}}, {"model": "auth.permission", "pk": 80, "fields": {"name": "Can view answer easy cspear", "content_type": 20, "codename": "view_answereasycspear"}}, {"model": "auth.permission", "pk": 81, "fields": {"name": "Can add questions easy cspear", "content_type": 21, "codename": "add_questionseasycspear"}}, {"model": "auth.permission", "pk": 82, "fields": {"name": "Can change questions easy cspear", "content_type": 21, "codename": "change_questionseasycspear"}}, {"model": "auth.permission", "pk": 83, "fields": {"name": "Can delete questions easy cspear", "content_type": 21, "codename": "delete_questionseasycspear"}}, {"model": "auth.permission", "pk": 84, "fields": {"name": "Can view questions easy cspear", "content_type": 21, "codename": "view_questionseasycspear"}}, {"model": "auth.user", "pk": 1, "fields": {"password": "pbkdf2_sha256$870000$FspFzCQy2zB9rSI54Aqwfy$pEp3tJG2nnK2ADcMybOmFAsHzJTOLrSotP0B5KSxh5U=", "last_login": "2024-11-21T18:41:14.164Z", "is_superuser": true, "username": "aj@cavitestateuniversity09062024", "first_name": "", "last_name": "", "email": "ajloria123@gmail.com", "is_staff": true, "is_active": true, "date_joined": "2024-09-02T12:49:07Z", "groups": [], "user_permissions": []}}, {"model": "auth.user", "pk": 2, "fields": {"password": "pbkdf2_sha256$870000$uSzjuAtn3wmapDTWAwhhXL$X30LGjJgrv3quxbfQxazS+U7s9ZM27r4ZtKHiguy2BQ=", "last_login": null, "is_superuser": false, "username": "aj2", "first_name": "", "last_name": "", "email": "ada@gmail.com", "is_staff": false, "is_active": true, "date_joined": "2024-09-02T12:53:24.156Z", "groups": [], "user_permissions": []}}, {"model": "auth.user", "pk": 3, "fields": {"password": "!ddB4bhGSIKG6UaU4SNs3CnycCCmy8EPmOhDuGNI3", "last_login": "2024-11-21T18:40:50.661Z", "is_superuser": false, "username": "loria", "first_name": "LORIA,", "last_name": "ALVIN JAN", "email": "main.alvinjan.loria@cvsu.edu.ph", "is_staff": false, "is_active": true, "date_joined": "2024-09-04T05:11:17.793Z", "groups": [], "user_permissions": []}}, {"model": "contenttypes.contenttype", "pk": 1, "fields": {"app_label": "admin", "model": "logentry"}}, {"model": "contenttypes.contenttype", "pk": 2, "fields": {"app_label": "auth", "model": "permission"}}, {"model": "contenttypes.contenttype", "pk": 3, "fields": {"app_label": "auth", "model": "group"}}, {"model": "contenttypes.contenttype", "pk": 4, "fields": {"app_label": "auth", "model": "user"}}, {"model": "contenttypes.contenttype", "pk": 5, "fields": {"app_label": "contenttypes", "model": "contenttype"}}, {"model": "contenttypes.contenttype", "pk": 6, "fields": {"app_label": "sessions", "model": "session"}}, {"model": "contenttypes.contenttype", "pk": 7, "fields": {"app_label": "sites", "model": "site"}}, {"model": "contenttypes.contenttype", "pk": 8, "fields": {"app_label": "account", "model": "emailaddress"}}, {"model": "contenttypes.contenttype", "pk": 9, "fields": {"app_label": "account", "model": "emailconfirmation"}}, {"model": "contenttypes.contenttype", "pk": 10, "fields": {"app_label": "socialaccount", "model": "socialaccount"}}, {"model": "contenttypes.contenttype", "pk": 11, "fields": {"app_label": "socialaccount", "model": "socialapp"}}, {"model": "contenttypes.contenttype", "pk": 12, "fields": {"app_label": "socialaccount", "model": "socialtoken"}}, {"model": "contenttypes.contenttype", "pk": 13, "fields": {"app_label": "survey", "model": "survey"}}, {"model": "contenttypes.contenttype", "pk": 14, "fields": {"app_label": "djf_surveys", "model": "survey"}}, {"model": "contenttypes.contenttype", "pk": 15, "fields": {"app_label": "djf_surveys", "model": "useranswer"}}, {"model": "contenttypes.contenttype", "pk": 16, "fields": {"app_label": "djf_surveys", "model": "question"}}, {"model": "contenttypes.contenttype", "pk": 17, "fields": {"app_label": "djf_surveys", "model": "answer"}}, {"model": "contenttypes.contenttype", "pk": 18, "fields": {"app_label": "djf_surveys", "model": "termsvalidators"}}, {"model": "contenttypes.contenttype", "pk": 19, "fields": {"app_label": "djf_surveys", "model": "category"}}, {"model": "contenttypes.contenttype", "pk": 20, "fields": {"app_label": "cvsuquiz", "model": "answereasycspear"}}, {"model": "contenttypes.contenttype", "pk": 21, "fields": {"app_label": "cvsuquiz", "model": "questionseasycspear"}}, {"model": "sessions.session", "pk": "1r7eagtnl7tn5qa8vumld9xoqptsc87w", "fields": {"session_data": "eyJzb2NpYWxhY2NvdW50X3N0YXRlcyI6e319:1smA4j:4SSmV5V0NR7J15qRWDwlHood_oD5r4CEyRsK2Ej5nBk", "expire_date": "2024-09-19T10:50:53.983Z"}}, {"model": "sessions.session", "pk": "1z0c1s4ztg7azi10fyv2emqajfa0lxs5", "fields": {"session_data": ".eJxVjsFqhDAURf_lrcU2yWiMy4FSKLSrmVUp4fkSNR2bDCbKFPHfqzBdzPaeey53gRjI4YBEYfJJx4TJRqgXwIGfX06nt9vrh_jpzjPUnwtcx0A2bhyG0DkPGRhMCLWfhiGD64WspmCsnu3oWmfHf-LtLW3SU5zG2f5GWDMmBeeMc8nyQqmCMfa1ZqBxSr2eoh21M5vA4CFrkC7W78B8o-9CTsGn0TX5XsnvNObv24XheO8-DPQY-322qbgxHMnygpUlr9qKkXiWEg2WpTkIEqqpCIsCD0KVpWpUK6SqikpZqRjC-gcGAmZO:1tEBXs:Y57WilfiSpaqp7ahCqzUBW4UF4hEVkMfyqoZ8vslCzY", "expire_date": "2024-12-05T18:04:48.602Z"}}, {"model": "sessions.session", "pk": "co07mbvjsv4wncckqw1o3tw16ufhd947", "fields": {"session_data": ".eJxVjk1LxDAURf_LW5faJG0-ZimMO8WFICJSXpN0mpmalCQdlNL_bgvjYrb33HO5C6SgHY6odZh9blPGbBMcFnAvT1V3fPUfx_e38_A9weFzgSkGbdPGYQwn56EAgxnh4OdxLGC6aNvqYGx7tdH1zsZ_4u1P3qSHNMer_U2wFkQwSknFhSiFlDWT7GstoMU5D-2cbGyd2QQCd1mH-mL9DswZ_SmUOvgcXVfulfJGU_m8XRgfb927gQHTsM92khpDUVvaEM6p7CXRrBICDXJuaqaZ6qTGpsGaKc5Vp3omlGykskIRhPUPNAlmgA:1tEB8I:2485I9Bh-Km73x8W6dMwxQF7dehDOT5cElNOY-MCSVM", "expire_date": "2024-12-05T17:38:22.764Z"}}, {"model": "sessions.session", "pk": "fnbimrqw75shsdp8zzgblj8qlo8f0rnx", "fields": {"session_data": ".eJxVj8FuxCAMRP_F5yjCsGDIrf2NqoqAwCZqGqpA9rLaf1-S5hLJB8szbzR-gvU-bUvp7VbGsJTJ2zKlpf8NZUxDhu7rCf87dJCTn-x8EtCALdAhCY5GK21ag0IQiQb-1vSYhrBW5J7SfQ7Vu017AqJUdSRqQXjTpCpp4PXdwFGg33JY-8Mp4HJz1v-EZRfsPO_n9qzRHp5Tzu3H5Y3Pk7pEjTaPNWeQFIcQDPdekEZvHEUjmLMmRsG8RBUlcunIReLq5jR3ijkmfWDIJJPwegMlKGZa:1tE80X:TyLZ-JmUwxK6jTpc56D39cdS-2oja2B6oDYeii7x6As", "expire_date": "2024-12-05T14:18:09.930Z"}}, {"model": "sessions.session", "pk": "l05zo54u8q9ovbglcpuctz8umvh2zeqn", "fields": {"session_data": ".eJxVjEEOwiAQAP_C2RCBArsevfsGsrBUqgaS0p6MfzckPeh1ZjJvEWjfSth7XsPC4iKUOP2ySOmZ6xD8oHpvMrW6rUuUI5GH7fLWOL-uR_s3KNTL2EbQzJpS1lY5p2EGlczZe2JyjieTDEZIZC1NBp3DiLPxCBYwe1QkPl_bpzdh:1tEC78:mQLM1Uq28sUbc1tZioblowdKnIebKTymrsN8lnx-bEU", "expire_date": "2024-12-05T18:41:14.172Z"}}, {"model": "sites.site", "pk": 3, "fields": {"domain": "http://127.0.0.1:8000", "name": "http://127.0.0.1:8000"}}, {"model": "account.emailaddress", "pk": 1, "fields": {"user": 2, "email": "ada@gmail.com", "verified": false, "primary": true}}, {"model": "account.emailaddress", "pk": 2, "fields": {"user": 1, "email": "ajloria123@gmail.com", "verified": false, "primary": false}}, {"model": "account.emailaddress", "pk": 3, "fields": {"user": 3, "email": "main.alvinjan.loria@cvsu.edu.ph", "verified": true, "primary": true}}, {"model": "socialaccount.socialapp", "pk": 1, "fields": {"provider": "google", "provider_id": "", "name": "Google", "client_id": "707334476839-pcrje0tbvtuo9lif3h6dk458p1gp0b03.apps.googleusercontent.com", "secret": "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", "key": "", "settings": {}, "sites": [3]}}, {"model": "socialaccount.socialaccount", "pk": 1, "fields": {"user": 3, "provider": "google", "uid": "115615651837148769869", "last_login": "2024-11-21T18:40:50.631Z", "date_joined": "2024-09-04T05:11:17.833Z", "extra_data": {"iss": "https://accounts.google.com", "azp": "707334476839-pcrje0tbvtuo9lif3h6dk458p1gp0b03.apps.googleusercontent.com", "aud": "707334476839-pcrje0tbvtuo9lif3h6dk458p1gp0b03.apps.googleusercontent.com", "sub": "115615651837148769869", "hd": "cvsu.edu.ph", "email": "main.alvinjan.loria@cvsu.edu.ph", "email_verified": true, "at_hash": "Re33acc2aPa34z6jMatuDA", "name": "LORIA, ALVIN JAN", "picture": "https://lh3.googleusercontent.com/a/ACg8ocKHA9RnrOmp51y8VDP1uKEUmpW1i2EdPLLTcvGiTMUDGvMJhBF-=s96-c", "given_name": "LORIA,", "family_name": "ALVIN JAN", "iat": 1732214453, "exp": 1732218053}}}, {"model": "djf_surveys.survey", "pk": 2, "fields": {"created_at": "2024-11-16T14:23:23.957Z", "updated_at": "2024-11-17T09:34:03.365Z", "name": "Welcome To Cvsu Well Being Survey!", "description": "Hello You can start here!", "slug": "welcome-to-cvsu-mental-health", "editable": true, "deletable": true, "duplicate_entry": false, "private_response": false, "can_anonymous_user": false, "notification_to": "", "success_page_content": "Thank you, Kabsuhenyos! Your answers here will be analyzed and used for the betterment of our university and the mental health of everyone."}}, {"model": "djf_surveys.survey", "pk": 4, "fields": {"created_at": "2024-11-17T09:41:49.164Z", "updated_at": "2024-11-19T14:29:03.141Z", "name": "Justice and Fairness at CVSU", "description": "6 questions (3 minutes)", "slug": "justice-and-fairness-at-cvsu", "editable": true, "deletable": true, "duplicate_entry": false, "private_response": true, "can_anonymous_user": false, "notification_to": "", "success_page_content": "Your answers here will be analyzed and used for the betterment of our university in terms of Justice and Fairness. Thank you, Kabsuhenyos!"}}, {"model": "djf_surveys.survey", "pk": 5, "fields": {"created_at": "2024-11-17T10:27:12.891Z", "updated_at": "2024-11-17T11:44:44.065Z", "name": "Mental Health and Well-being at CVSU", "description": "5 questions (2.5 minutes)", "slug": "mental-health-and-well-being-at-cvsu", "editable": true, "deletable": true, "duplicate_entry": false, "private_response": true, "can_anonymous_user": false, "notification_to": "", "success_page_content": "Thank you, Kabsuhenyos! Your answers here will be analyzed and used for the betterment of our university and the mental health and well-being of everyone"}}, {"model": "djf_surveys.survey", "pk": 6, "fields": {"created_at": "2024-11-17T10:47:23.805Z", "updated_at": "2024-11-17T11:45:37.635Z", "name": "Curriculum at CVSU", "description": "5 questions (2.5 minutes)", "slug": "curriculum-at-cvsu", "editable": true, "deletable": true, "duplicate_entry": false, "private_response": true, "can_anonymous_user": false, "notification_to": "", "success_page_content": "Your answers here will be analyzed and used for the betterment of our university curriculum! Thank you, Kabsuhenyos!"}}, {"model": "djf_surveys.survey", "pk": 7, "fields": {"created_at": "2024-11-17T10:58:34.373Z", "updated_at": "2024-11-17T11:44:01.855Z", "name": "University Culture and Ethical Practices", "description": "13 questions (6.5 minutes)", "slug": "university-culture-and-ethical-practices", "editable": true, "deletable": true, "duplicate_entry": false, "private_response": true, "can_anonymous_user": false, "notification_to": "", "success_page_content": "Thank you, Kabsuhenyos! Your answers will be analyzed and used for the betterment of our university's culture and ethical practices."}}, {"model": "djf_surveys.survey", "pk": 8, "fields": {"created_at": "2024-11-17T11:40:07.828Z", "updated_at": "2024-11-17T11:46:41.955Z", "name": "Shared thoughts", "description": "Write or Read Messages/tips/advice", "slug": "shared-thoughts", "editable": true, "deletable": true, "duplicate_entry": false, "private_response": false, "can_anonymous_user": false, "notification_to": "", "success_page_content": "Thank you, Hopefully your Messages/tips/advice here could help and brighten someone day :)"}}, {"model": "djf_surveys.survey", "pk": 9, "fields": {"created_at": "2024-11-19T13:29:27.751Z", "updated_at": "2024-11-19T14:28:45.291Z", "name": "Sustainability and Environmental Initiatives at CVSU", "description": "6 question (3 minutes)", "slug": "sustainability-and-environmental-initiatives-at-lvsu", "editable": true, "deletable": true, "duplicate_entry": false, "private_response": true, "can_anonymous_user": false, "notification_to": "", "success_page_content": ""}}, {"model": "djf_surveys.survey", "pk": 10, "fields": {"created_at": "2024-11-19T13:39:10.179Z", "updated_at": "2024-11-19T14:30:32.572Z", "name": "Career Services and Opportunities at CVSU", "description": "6 questions (3 minutes)", "slug": "career-services-and-opportunities", "editable": true, "deletable": true, "duplicate_entry": false, "private_response": true, "can_anonymous_user": false, "notification_to": "", "success_page_content": ""}}, {"model": "djf_surveys.survey", "pk": 11, "fields": {"created_at": "2024-11-19T14:32:45.054Z", "updated_at": "2024-11-19T14:32:45.054Z", "name": "Campus Facilities", "description": "6 questions (3 minutes)", "slug": "campus-facilities", "editable": true, "deletable": true, "duplicate_entry": false, "private_response": false, "can_anonymous_user": false, "notification_to": "", "success_page_content": ""}}, {"model": "djf_surveys.survey", "pk": 12, "fields": {"created_at": "2024-11-19T15:00:18.209Z", "updated_at": "2024-11-19T15:25:33.422Z", "name": "Stipend, Scholarships and RLE at CVSU", "description": "6 questions (3 minutes)", "slug": "scholarships-and-rle-at-cvsu", "editable": true, "deletable": true, "duplicate_entry": false, "private_response": true, "can_anonymous_user": false, "notification_to": "", "success_page_content": ""}}, {"model": "djf_surveys.question", "pk": 8, "fields": {"created_at": "2024-11-16T14:41:15.689Z", "updated_at": "2024-11-17T09:26:10.642Z", "key": "which-campuses-of-lvsu-are-you-associated-with", "survey": 2, "label": "Which campuses of CVSU are you associated with?", "type_field": 2, "choices": "Indang/Main Campus,Bacoor Campus,Carmona Campus,Cavite City Campus,Imus Campus,Maragondon Campus, Naic Campus, Silang Campus, Tanza Campus, Trece Martires City Campus", "help_text": null, "required": true, "ordering": 1}}, {"model": "djf_surveys.question", "pk": 10, "fields": {"created_at": "2024-11-17T08:51:26.877Z", "updated_at": "2024-11-17T09:26:10.668Z", "key": "whats-something-small-that-made-you-smile-this-week", "survey": 2, "label": "What’s something small that made you smile this week?", "type_field": 4, "choices": "A compliment,A good meal,A funny meme,Time spent with loved ones,Si crush,Nature,My new accomplishment", "help_text": null, "required": true, "ordering": 4}}, {"model": "djf_surveys.question", "pk": 11, "fields": {"created_at": "2024-11-17T09:16:28.045Z", "updated_at": "2024-11-17T10:03:53.866Z", "key": "which-coursesprograms-are-you-affiliated-or-connected-with", "survey": 2, "label": "Which courses/programs are you affiliated or connected with?", "type_field": 3, "choices": "Doctor of Philosophy in Agriculture,Doctor of Philosophy in Education,Doctor of Philosophy in Management,Master in Business Administration,Master in Public Administration,Master of Agriculture,Master of Agricultural Extension,Master of Arts in Education,Master of Engineering,Master of Management,Master of Professional Studies,Master of Science in Agricultural Engineering,Master of Science in Agriculture,Master of Science in Biology,Master of Science in Food Science,Master of Science in Information Technology,Bachelor of Agricultural Entrepreneurship,Bachelor of Arts in English Language Studies,Bachelor of Arts in Journalism,Bachelor of Arts in Political Science,Bachelor of Early Childhood Education,Bachelor of Elementary Education,Bachelor of Physical Education ,Bachelor of Science in Exercise and Sports Sciences,Bachelor of Science in Accountancy,Bachelor of Science in Agricultural and Biosystems Engineering,Bachelor of Science in Agriculture,Bachelor of Science in Applied Mathematics,Bachelor of Science in Architecture,Bachelor of Science in Biology,Bachelor of Science in Business Administration,Bachelor of Science in Business Management,Bachelor of Science in Civil Engineering,Bachelor of Science in Computer Engineering,Bachelor of Science in Computer Science,Bachelor of Science in Development Management,Bachelor of Science in Economics,Bachelor of Science in Electrical Engineering,Bachelor of Science in Electronics Engineering,Bachelor of Science in Environmental Science,Bachelor of Science in Entrepreneurship,Bachelor of Science in Fisheries,Bachelor of Science in Hospitality Management,Bachelor of Science in Industrial Education,Bachelor of Science in Industrial Engineering,Bachelor of Science in Industrial Technology with major in Automotive Technology,Bachelor of Science in Industrial Technology with major in Electrical Technology,Bachelor of Science in Industrial Technology with major in Electronics Technology,Bachelor of Science in Information Technology,Bachelor of Science in International Studies,Bachelor of Science in Medical Technology,Bachelor of Science in Midwifery,Bachelor of Science in Nursing,Bachelor of Science in Office Administration,Bachelor of Science in Psychology,Bachelor of Science in Social Work,Bachelor of Science in Tourism Management,Bachelor of Secondary Education,Bachelor of Special Needs Education,Bachelor of Technical Vocational Teacher Education,Bachelor of Technology and Livelihood Education,Diploma in Midwifery,Doctor of Veterinary Medicine,Teacher Certificate Program.,None / University Staff", "help_text": null, "required": true, "ordering": 3}}, {"model": "djf_surveys.question", "pk": 12, "fields": {"created_at": "2024-11-17T09:25:47.206Z", "updated_at": "2024-11-17T09:30:39.556Z", "key": "is-there-someone-you-feel-comfortable-reaching-out-to-when-you-need-support", "survey": 2, "label": "Are you finding time to enjoy your hobbies, interests or unwind?", "type_field": 2, "choices": "Yes. I've been able to find some time to relax and enjoy my hobbies. It helps me unwind.,I’m making time for my interests. It’s been really helpful for my mental health.,I’ve been trying to make time for myself. but it’s been a bit difficult with everything going on.,Not as much as I’d like. but I do manage to unwind every now and then.,No. I’ve been feeling too overwhelmed to enjoy my hobbies or unwind lately.,It’s hard to find time for myself right now; I’ve been feeling really stressed.", "help_text": null, "required": true, "ordering": 5}}, {"model": "djf_surveys.question", "pk": 13, "fields": {"created_at": "2024-11-17T09:50:03.616Z", "updated_at": "2024-11-17T11:35:05.436Z", "key": "do-you-feel-that-all-studentsteachersemployee-are-treated-equally-at-this-university-regardless-of-background-or-identity", "survey": 4, "label": "1. Do you feel that all students/teachers/Employee are treated equally at this university, regardless of background or identity?", "type_field": 2, "choices": "Yes. all students/teachers/Employee are treated equally.,No. some students/teachers/Employee are treated unfairly.,I'm not sure. It seems to vary.,I haven't personally noticed any unfair treatment.", "help_text": null, "required": true, "ordering": 4}}, {"model": "djf_surveys.question", "pk": 14, "fields": {"created_at": "2024-11-17T09:51:56.106Z", "updated_at": "2024-11-17T11:35:05.444Z", "key": "have-you-ever-witnessed-or-experienced-unfair-treatment-or-discrimination-within-the-university", "survey": 4, "label": "2. Have you ever witnessed or experienced unfair treatment or discrimination within the university?", "type_field": 2, "choices": "Yes. I have witnessed or experienced discrimination.,No. I have not witnessed or experienced discrimination.,I'm unsure if what I observed was discrimination.,I’ve heard others mention it. but haven’t personally experienced it.", "help_text": null, "required": true, "ordering": 5}}, {"model": "djf_surveys.question", "pk": 15, "fields": {"created_at": "2024-11-17T09:53:29.836Z", "updated_at": "2024-11-17T11:35:05.452Z", "key": "do-you-think-university-policies-are-applied-consistently-and-fairly-to-all-students", "survey": 4, "label": "3. Do you think university policies are applied consistently and fairly to all students?", "type_field": 2, "choices": "Yes. policies are applied fairly to everyone.,No. some  seem to be treated differently.,I haven’t noticed any issues with policy enforcement.,I’m not sure. I haven’t had enough experience to judge.", "help_text": null, "required": true, "ordering": 6}}, {"model": "djf_surveys.question", "pk": 16, "fields": {"created_at": "2024-11-17T09:54:36.076Z", "updated_at": "2024-11-17T11:35:05.460Z", "key": "are-there-adequate-systems-in-place-for-reporting-incidents-of-injustice-or-discrimination", "survey": 4, "label": "4. Are there adequate systems in place for reporting incidents of injustice or discrimination?", "type_field": 2, "choices": "Yes. there are clear and accessible systems.,No. the systems for reporting are confusing or hard to access.,I’m not aware of any system for reporting these issues.,I’ve never needed to report anything. so I’m unsure.", "help_text": null, "required": true, "ordering": 7}}, {"model": "djf_surveys.question", "pk": 17, "fields": {"created_at": "2024-11-17T09:56:51.536Z", "updated_at": "2024-11-17T11:35:05.469Z", "key": "do-you-feel-that-the-university-is-doing-enough-to-promote-fairness-and-justice", "survey": 4, "label": "5. Do you feel that the university is doing enough to promote fairness and justice?", "type_field": 2, "choices": "Yes. the university actively promotes fairness and justice.,No. I don’t think enough is being done.,I’m not sure. I haven’t seen many efforts.,I haven’t noticed any major issues. but I think more could be done.", "help_text": null, "required": true, "ordering": 8}}, {"model": "djf_surveys.question", "pk": 18, "fields": {"created_at": "2024-11-17T10:00:00.137Z", "updated_at": "2024-11-17T11:35:05.428Z", "key": "which-coursesprograms-are-you-affiliated-or-connected-with-ykzrxyrspa-1", "survey": 4, "label": "Which courses/programs are you affiliated or connected with?", "type_field": 3, "choices": "Doctor of Philosophy in Agriculture,Doctor of Philosophy in Education,Doctor of Philosophy in Management,Master in Business Administration,Master in Public Administration,Master of Agriculture,Master of Agricultural Extension,Master of Arts in Education,Master of Engineering,Master of Management,Master of Professional Studies,Master of Science in Agricultural Engineering,Master of Science in Agriculture,Master of Science in Biology,Master of Science in Food Science,Master of Science in Information Technology,Bachelor of Agricultural Entrepreneurship,Bachelor of Arts in English Language Studies,Bachelor of Arts in Journalism,Bachelor of Arts in Political Science,Bachelor of Early Childhood Education,Bachelor of Elementary Education,Bachelor of Physical Education,Bachelor of Science in Exercise and Sports Sciences,Bachelor of Science in Accountancy,Bachelor of Science in Agricultural and Biosystems Engineering,Bachelor of Science in Agriculture,Bachelor of Science in Applied Mathematics,Bachelor of Science in Architecture,Bachelor of Science in Biology,Bachelor of Science in Business Administration,Bachelor of Science in Business Management,Bachelor of Science in Civil Engineering,Bachelor of Science in Computer Engineering,Bachelor of Science in Computer Science,Bachelor of Science in Development Management,Bachelor of Science in Economics,Bachelor of Science in Electrical Engineering,Bachelor of Science in Electronics Engineering,Bachelor of Science in Environmental Science,Bachelor of Science in Entrepreneurship,Bachelor of Science in Fisheries,Bachelor of Science in Hospitality Management,Bachelor of Science in Industrial Education,Bachelor of Science in Industrial Engineering,Bachelor of Science in Industrial Technology with major in Automotive Technology,Bachelor of Science in Industrial Technology with major in Electrical Technology,Bachelor of Science in Industrial Technology with major in Electronics Technology,Bachelor of Science in Information Technology,Bachelor of Science in International Studies,Bachelor of Science in Medical Technology,Bachelor of Science in Midwifery,Bachelor of Science in Nursing,Bachelor of Science in Office Administration,Bachelor of Science in Psychology,Bachelor of Science in Social Work,Bachelor of Science in Tourism Management,Bachelor of Secondary Education,Bachelor of Special Needs Education,Bachelor of Technical Vocational Teacher Education,Bachelor of Technology and Livelihood Education,Diploma in Midwifery,Doctor of Veterinary Medicine,Teacher Certificate Program,None / University Staff", "help_text": null, "required": true, "ordering": 3}}, {"model": "djf_surveys.question", "pk": 19, "fields": {"created_at": "2024-11-17T10:01:50.486Z", "updated_at": "2024-11-17T11:35:05.420Z", "key": "which-campuses-of-cvsu-are-you-associated-with", "survey": 4, "label": "Which campuses of CVSU are you associated with?", "type_field": 2, "choices": "Indang/Main Campus,Bacoor Campus,Carmona Campus,Cavite City Campus,Imus Campus,Maragondon Campus, Naic Campus, Silang Campus, Tanza Campus, Trece Martires City Campus", "help_text": null, "required": true, "ordering": 2}}, {"model": "djf_surveys.question", "pk": 22, "fields": {"created_at": "2024-11-17T10:21:38.726Z", "updated_at": "2024-11-19T05:12:08.922Z", "key": "what-is-your-current-affiliation-with-your-cvsu-campus-wuvesbdyvw-1", "survey": 2, "label": "What is your current affiliation with your CVSU campus?", "type_field": 2, "choices": "None,Masters,Alumni,Postdoctoral,University Staff,Former Enrollee/Staff/Employee,First-Year Student,Second-Year Student,Third-Year Student,Fourth-Year Student", "help_text": null, "required": true, "ordering": 0}}, {"model": "djf_surveys.question", "pk": 23, "fields": {"created_at": "2024-11-17T10:23:28.386Z", "updated_at": "2024-11-19T05:13:14.697Z", "key": "what-is-your-current-affiliation-with-your-cvsu-campus", "survey": 4, "label": "What is your current affiliation with your CVSU campus?", "type_field": 2, "choices": "None,Masters,Alumni,Postdoctoral,University Staff,Former Enrollee/Staff/Employee,First-Year Student,Second-Year Student,Third-Year Student,Fourth-Year Student", "help_text": null, "required": true, "ordering": 1}}, {"model": "djf_surveys.question", "pk": 24, "fields": {"created_at": "2024-11-17T10:27:46.536Z", "updated_at": "2024-11-19T05:13:32.956Z", "key": "what-is-your-current-affiliation-with-your-cvsu-campus-xfsrfpijjn-1", "survey": 5, "label": "What is your current affiliation with your CVSU campus?", "type_field": 2, "choices": "None,Masters,Alumni,Postdoctoral,University Staff,Former Enrollee/Staff/Employee,First-Year Student,Second-Year Student,Third-Year Student,Fourth-Year Student", "help_text": null, "required": true, "ordering": 0}}, {"model": "djf_surveys.question", "pk": 25, "fields": {"created_at": "2024-11-17T10:28:07.956Z", "updated_at": "2024-11-17T10:28:07.964Z", "key": "which-campuses-of-cvsu-are-you-associated-with-lsuzygdyrg-1", "survey": 5, "label": "Which campuses of CVSU are you associated with?", "type_field": 2, "choices": "Indang/Main Campus,Bacoor Campus,Carmona Campus,Cavite City Campus,Imus Campus,Maragondon Campus, Naic Campus, Silang Campus, Tanza Campus, Trece Martires City Campus", "help_text": null, "required": true, "ordering": 0}}, {"model": "djf_surveys.question", "pk": 27, "fields": {"created_at": "2024-11-17T10:29:31.706Z", "updated_at": "2024-11-17T10:29:31.717Z", "key": "which-coursesprograms-are-you-affiliated-or-connected-with-zqmkikaecm-1", "survey": 5, "label": "Which courses/programs are you affiliated or connected with?", "type_field": 3, "choices": "Doctor of Philosophy in Agriculture, Doctor of Philosophy in Education, Doctor of Philosophy in Management, Master in Business Administration, Master in Public Administration, Master of Agriculture, Master of Agricultural Extension, Master of Arts in Education, Master of Engineering, Master of Management, Master of Professional Studies, Master of Science in Agricultural Engineering, Master of Science in Agriculture, Master of Science in Biology, Master of Science in Food Science, Master of Science in Information Technology, Bachelor of Agricultural Entrepreneurship, Bachelor of Arts in English Language Studies, Bachelor of Arts in Journalism, Bachelor of Arts in Political Science, Bachelor of Early Childhood Education, Bachelor of Elementary Education, Bachelor of Science in Exercise and Sports Sciences, Bachelor of Physical Education, Bachelor of Science in Accountancy, Bachelor of Science in Agricultural and Biosystems Engineering, Bachelor of Science in Agriculture, Bachelor of Science in Applied Mathematics, Bachelor of Science in Architecture, Bachelor of Science in Biology, Bachelor of Science in Business Administration, Bachelor of Science in Business Management, Bachelor of Science in Civil Engineering, Bachelor of Science in Computer Engineering, Bachelor of Science in Computer Science, Bachelor of Science in Development Management, Bachelor of Science in Economics, Bachelor of Science in Electrical Engineering, Bachelor of Science in Electronics Engineering, Bachelor of Science in Environmental Science, Bachelor of Science in Entrepreneurship, Bachelor of Science in Fisheries, Bachelor of Science in Hospitality Management, Bachelor of Science in Industrial Education, Bachelor of Science in Industrial Engineering, Bachelor of Science in Industrial Technology with major in Automotive Technology,  Bachelor of Science in Industrial Technology with major in Electrical Technology,  Bachelor of Science in Industrial Technology with major in Electronics Technology, Bachelor of Science in Information Technology, Bachelor of Science in International Studies, Bachelor of Science in Medical Technology, Bachelor of Science in Midwifery, Bachelor of Science in Nursing, Bachelor of Science in Office Administration, Bachelor of Science in Psychology, Bachelor of Science in Social Work, Bachelor of Science in Tourism Management, Bachelor of Secondary Education, Bachelor of Special Needs Education, Bachelor of Technical Vocational Teacher Education, Bachelor of Technology and Livelihood Education, Diploma in Midwifery, Doctor of Veterinary Medicine, Teacher Certificate Program, None / University Staff.", "help_text": null, "required": true, "ordering": 0}}, {"model": "djf_surveys.question", "pk": 28, "fields": {"created_at": "2024-11-17T10:31:41.536Z", "updated_at": "2024-11-17T11:17:56.776Z", "key": "do-you-feel-that-the-university-provides-sufficient-mental-health-support-and-resources-for-students", "survey": 5, "label": "1. Do you feel that the university provides sufficient mental health support and resources for students?", "type_field": 2, "choices": "Yes. there are plenty of mental health resources available.,No. I feel the support is limited or difficult to access.,I am unaware of the available mental health resources.,The mental health support is helpful; but there could be more options", "help_text": null, "required": true, "ordering": 0}}, {"model": "djf_surveys.question", "pk": 29, "fields": {"created_at": "2024-11-17T10:33:11.746Z", "updated_at": "2024-11-17T11:18:03.146Z", "key": "have-you-experienced-stress-or-mental-health-challenges-related-to-your-studies-and-do-you-feel-supported-by-the-university", "survey": 5, "label": "2. Have you experienced stress or mental health challenges related to your studies or work, and do you feel supported by the university?", "type_field": 2, "choices": "Yes. I’ve experienced stress and I felt supported by the university.,Yes. I’ve experienced stress but I didn’t feel supported.,No. I haven’t experienced stress or I manage it on my own.,I’m not sure if there’s enough support for everyone dealing with stress.", "help_text": null, "required": true, "ordering": 0}}, {"model": "djf_surveys.question", "pk": 30, "fields": {"created_at": "2024-11-17T10:37:10.866Z", "updated_at": "2024-11-17T11:18:09.185Z", "key": "are-you-aware-of-any-mental-health-programs-or-services-available-to-students-or-university-staff", "survey": 5, "label": "3. Are you aware of any mental health programs or services available to students or university staff?", "type_field": 2, "choices": "Yes. I’m aware of several programs and services.,No. I’m not aware of any mental health services available.,I’ve heard of some programs but haven’t used them.,I’m unsure / having doubts about the mental health services offered.", "help_text": null, "required": true, "ordering": 0}}, {"model": "djf_surveys.question", "pk": 31, "fields": {"created_at": "2024-11-17T10:38:35.296Z", "updated_at": "2024-11-17T11:18:24.076Z", "key": "do-you-feel-that-mental-health-is-prioritized-and-addressed-within-the-university-community", "survey": 5, "label": "4. Do you feel that mental health is prioritized and addressed within the university community?", "type_field": 2, "choices": "Yes. mental health is a priority and efforts are visible.,No. I don’t think mental health is given enough attention.,I’ve seen some efforts but they don’t seem comprehensive.,I’m unsure as I haven’t seen much focus on mental health.", "help_text": null, "required": true, "ordering": 0}}, {"model": "djf_surveys.question", "pk": 33, "fields": {"created_at": "2024-11-17T10:44:13.486Z", "updated_at": "2024-11-17T11:35:05.484Z", "key": "how-comfortable-do-you-feel-speaking-up-against-discrimination-injustice-within-the-university", "survey": 4, "label": "6. How comfortable do you feel speaking up against discrimination / injustice within the university?", "type_field": 2, "choices": "Very comfortable -  I feel supported and encouraged to speak up.,Somewhat comfortable - but there could be more support.,Uncomfortable - I feel like speaking up may lead to consequences.,I don’t feel comfortable at all.", "help_text": null, "required": true, "ordering": 9}}, {"model": "djf_surveys.question", "pk": 34, "fields": {"created_at": "2024-11-17T10:46:12.246Z", "updated_at": "2024-11-17T11:35:12.826Z", "key": "do-you-feel-that-studentsuniversity-staff-from-marginalized-groups-receive-equal-treatment-and-opportunities", "survey": 4, "label": "7. Do you feel that students/University staff from marginalized groups receive equal treatment and opportunities?", "type_field": 2, "choices": "Yes. I believe everyone receives equal opportunities.,No. some groups do not receive equal treatment.,I’m unsure. I haven’t observed how others are treated.,I’ve heard others discuss it but I haven’t experienced it personally.", "help_text": null, "required": true, "ordering": 10}}, {"model": "djf_surveys.question", "pk": 35, "fields": {"created_at": "2024-11-17T10:49:06.796Z", "updated_at": "2024-11-17T11:38:07.274Z", "key": "do-you-think-the-curriculum-is-diverse-and-inclusive-of-different-perspectives-and-cultures", "survey": 6, "label": "1. Do you think the curriculum is diverse and inclusive of different perspectives and cultures?", "type_field": 2, "choices": "Yes. the curriculum includes diverse perspectives and cultures.,No. I feel it lacks diversity and inclusivity.,I haven’t noticed much focus on diversity.,I think there’s room for improvement in making it more inclusive.", "help_text": null, "required": true, "ordering": 4}}, {"model": "djf_surveys.question", "pk": 36, "fields": {"created_at": "2024-11-17T10:50:12.786Z", "updated_at": "2024-11-17T11:38:07.283Z", "key": "do-you-find-the-curriculum-challenging-engaging-and-relevant-to-your-future-career-goals", "survey": 6, "label": "2. Do you find the curriculum challenging, engaging, and relevant to your future career goals?", "type_field": 2, "choices": "Yes. it is challenging and aligns well with my career goals.,No. I find it unengaging or irrelevant.,It’s somewhat engaging. but not entirely relevant.,I’m unsure as I haven’t fully explored the curriculum.", "help_text": null, "required": true, "ordering": 5}}, {"model": "djf_surveys.question", "pk": 37, "fields": {"created_at": "2024-11-17T10:51:09.706Z", "updated_at": "2024-11-17T11:38:07.291Z", "key": "do-you-feel-that-the-curriculum-promotes-critical-thinking-and-personal-growth", "survey": 6, "label": "3. Do you feel that the curriculum promotes critical thinking and personal growth?", "type_field": 2, "choices": "Yes. it encourages critical thinking and personal growth.,No. it feels more focused on memorization and exams.,I think it promotes some level of growth but not enough critical thinking.,I’m not sure as I haven’t reflected much on it.", "help_text": null, "required": true, "ordering": 6}}, {"model": "djf_surveys.question", "pk": 38, "fields": {"created_at": "2024-11-17T10:51:55.196Z", "updated_at": "2024-11-17T11:38:07.300Z", "key": "is-there-room-for-improvement-in-the-curriculum-to-make-it-more-applicable-to-real-world-issues", "survey": 6, "label": "4. Is there room for improvement in the curriculum to make it more applicable to real-world issues?", "type_field": 2, "choices": "Yes. I think it could be more practical and applicable to real-world scenarios.,No. I feel the curriculum is already applicable to real-world issues.,There are areas that could be improved. but overall it’s okay.,I haven’t thought much about how applicable it is to real-world issues.", "help_text": null, "required": true, "ordering": 7}}, {"model": "djf_surveys.question", "pk": 39, "fields": {"created_at": "2024-11-17T10:52:59.846Z", "updated_at": "2024-11-17T11:38:07.308Z", "key": "do-you-feel-that-the-curriculum-adequately-addresses-the-mental-health-and-well-being-of-students", "survey": 6, "label": "5. Do you feel that the curriculum adequately addresses the mental health and well-being of students?", "type_field": 2, "choices": "Yes. there are elements within the curriculum that support mental health and well-being.,No. I don’t think mental health is addressed in the curriculum.,Some aspects touch on mental health. but it could be more prominent.,I’m unsure. as I haven’t seen mental health being directly addressed.", "help_text": null, "required": true, "ordering": 8}}, {"model": "djf_surveys.question", "pk": 40, "fields": {"created_at": "2024-11-17T10:53:41.696Z", "updated_at": "2024-11-19T05:14:31.656Z", "key": "what-is-your-current-affiliation-with-your-cvsu-campus-gjkclasald-1", "survey": 6, "label": "What is your current affiliation with your CVSU campus?", "type_field": 2, "choices": "None,Masters,Alumni,Postdoctoral,University Staff,Former Enrollee/Staff/Employee,First-Year Student,Second-Year Student,Third-Year Student,Fourth-Year Student", "help_text": null, "required": true, "ordering": 1}}, {"model": "djf_surveys.question", "pk": 42, "fields": {"created_at": "2024-11-17T10:54:51.556Z", "updated_at": "2024-11-17T11:38:07.266Z", "key": "which-coursesprograms-are-you-affiliated-or-connected-with-ugyxyquskj-1", "survey": 6, "label": "Which courses/programs are you affiliated or connected with?", "type_field": 3, "choices": "Doctor of Philosophy in Agriculture, Doctor of Philosophy in Education, Doctor of Philosophy in Management, Master in Business Administration, Master in Public Administration, Master of Agriculture, Master of Agricultural Extension, Master of Arts in Education, Master of Engineering, Master of Management, Master of Professional Studies, Master of Science in Agricultural Engineering, Master of Science in Agriculture, Master of Science in Biology, Master of Science in Food Science, Master of Science in Information Technology, Bachelor of Agricultural Entrepreneurship, Bachelor of Arts in English Language Studies, Bachelor of Arts in Journalism, Bachelor of Arts in Political Science, Bachelor of Early Childhood Education, Bachelor of Elementary Education, Bachelor of Science in Exercise and Sports Sciences, Bachelor of Physical Education, Bachelor of Science in Accountancy, Bachelor of Science in Agricultural and Biosystems Engineering, Bachelor of Science in Agriculture, Bachelor of Science in Applied Mathematics, Bachelor of Science in Architecture, Bachelor of Science in Biology, Bachelor of Science in Business Administration, Bachelor of Science in Business Management, Bachelor of Science in Civil Engineering, Bachelor of Science in Computer Engineering, Bachelor of Science in Computer Science, Bachelor of Science in Development Management, Bachelor of Science in Economics, Bachelor of Science in Electrical Engineering, Bachelor of Science in Electronics Engineering, Bachelor of Science in Environmental Science, Bachelor of Science in Entrepreneurship, Bachelor of Science in Fisheries, Bachelor of Science in Hospitality Management, Bachelor of Science in Industrial Education, Bachelor of Science in Industrial Engineering, Bachelor of Science in Industrial Technology with major in Automotive Technology,  Bachelor of Science in Industrial Technology with major in Electrical Technology,  Bachelor of Science in Industrial Technology with major in Electronics Technology, Bachelor of Science in Information Technology, Bachelor of Science in International Studies, Bachelor of Science in Medical Technology, Bachelor of Science in Midwifery, Bachelor of Science in Nursing, Bachelor of Science in Office Administration, Bachelor of Science in Psychology, Bachelor of Science in Social Work, Bachelor of Science in Tourism Management, Bachelor of Secondary Education, Bachelor of Special Needs Education, Bachelor of Technical Vocational Teacher Education, Bachelor of Technology and Livelihood Education, Diploma in Midwifery, Doctor of Veterinary Medicine, Teacher Certificate Program, None / University Staff.", "help_text": null, "required": true, "ordering": 3}}, {"model": "djf_surveys.question", "pk": 43, "fields": {"created_at": "2024-11-17T10:55:21.456Z", "updated_at": "2024-11-17T11:38:07.258Z", "key": "which-campuses-of-cvsu-are-you-associated-with-wfrzjfbqzc-1", "survey": 6, "label": "Which campuses of CVSU are you associated with?", "type_field": 2, "choices": "Indang/Main Campus,Bacoor Campus,Carmona Campus,Cavite City Campus,Imus Campus,Maragondon Campus, Naic Campus, Silang Campus, Tanza Campus, Trece Martires City Campus", "help_text": null, "required": true, "ordering": 2}}, {"model": "djf_surveys.question", "pk": 47, "fields": {"created_at": "2024-11-17T11:03:43.720Z", "updated_at": "2024-11-17T11:13:54.746Z", "key": "have-you-witnessed-or-experienced-any-unfair-practices-regarding-grades-scholarships-or-university-resources", "survey": 7, "label": "1. Have you witnessed or experienced any unfair practices regarding grades, scholarships, or university resources?", "type_field": 2, "choices": "Yes often,Occasionally,Never,Not sure", "help_text": null, "required": true, "ordering": 4}}, {"model": "djf_surveys.question", "pk": 48, "fields": {"created_at": "2024-11-17T11:04:13.813Z", "updated_at": "2024-11-17T11:14:03.425Z", "key": "do-you-feel-that-decisions-at-the-university-are-influenced-by-favoritism-or-personal-connections-rather-than-merit", "survey": 7, "label": "2. Do you feel that decisions at the university are influenced by favoritism or personal connections rather than merit?", "type_field": 2, "choices": "Strongly agree,Agree,Disagree,Strongly disagree", "help_text": null, "required": true, "ordering": 5}}, {"model": "djf_surveys.question", "pk": 49, "fields": {"created_at": "2024-11-17T11:04:52.411Z", "updated_at": "2024-11-17T11:14:13.719Z", "key": "have-you-observed-any-faculty-or-staff-engaging-in-unethical-or-corrupt-behavior", "survey": 7, "label": "3. Have you observed any faculty or staff engaging in unethical or corrupt behavior?", "type_field": 2, "choices": "Yes frequently,Yes rarely,No,Not sure", "help_text": null, "required": true, "ordering": 6}}, {"model": "djf_surveys.question", "pk": 50, "fields": {"created_at": "2024-11-17T11:05:28.080Z", "updated_at": "2024-11-17T11:14:21.925Z", "key": "do-you-believe-that-the-university-takes-sufficient-actions-against-corruption-and-unethical-behavior", "survey": 7, "label": "4. Do you believe that the university takes sufficient actions against corruption and unethical behavior?", "type_field": 2, "choices": "Yes,No,Unsure", "help_text": null, "required": true, "ordering": 7}}, {"model": "djf_surveys.question", "pk": 51, "fields": {"created_at": "2024-11-17T11:06:02.785Z", "updated_at": "2024-11-17T11:14:29.226Z", "key": "do-you-feel-that-some-individuals-in-positions-of-authority-such-as-faculty-staff-or-student-leaders-misuse-their-power", "survey": 7, "label": "5. Do you feel that some individuals in positions of authority (such as faculty, staff, or student leaders) misuse their power?", "type_field": 2, "choices": "Often,Sometimes,Never,Unsure", "help_text": null, "required": true, "ordering": 8}}, {"model": "djf_surveys.question", "pk": 52, "fields": {"created_at": "2024-11-17T11:06:32.080Z", "updated_at": "2024-11-17T11:14:36.017Z", "key": "have-you-ever-felt-intimidated-or-bullied-by-someone-in-a-position-of-authority-within-the-university", "survey": 7, "label": "6. Have you ever felt intimidated or bullied by someone in a position of authority within the university?", "type_field": 2, "choices": "Yes,No,Not sure", "help_text": null, "required": true, "ordering": 9}}, {"model": "djf_surveys.question", "pk": 53, "fields": {"created_at": "2024-11-17T11:06:55.482Z", "updated_at": "2024-11-17T11:14:43.326Z", "key": "do-you-think-the-leadership-within-the-university-encourages-a-culture-of-respect-and-fairness", "survey": 7, "label": "7. Do you think the leadership within the university encourages a culture of respect and fairness?", "type_field": 2, "choices": "Yes,No,Sometimes", "help_text": null, "required": true, "ordering": 10}}, {"model": "djf_surveys.question", "pk": 54, "fields": {"created_at": "2024-11-17T11:07:33.039Z", "updated_at": "2024-11-17T11:14:50.594Z", "key": "have-you-noticed-students-discouraging-or-undermining-their-peers-success-or-progress", "survey": 7, "label": "8. Have you noticed students / university staff discouraging or undermining their peers' success or progress?", "type_field": 2, "choices": "Yes frequently,Occasionally,No,Unsure", "help_text": null, "required": true, "ordering": 11}}, {"model": "djf_surveys.question", "pk": 55, "fields": {"created_at": "2024-11-17T11:08:27.336Z", "updated_at": "2024-11-17T11:14:59.266Z", "key": "do-you-feel-that-students-university-staff-are-supportive-of-each-others-achievements-or-is-there-a-tendency-to-compete-negatively", "survey": 7, "label": "9. Do you feel that students / university staff are supportive of each other’s achievements, or is there a tendency to compete negatively?", "type_field": 2, "choices": "Supportive,Competitive in a healthy way,Competitive in a harmful way,Unsure", "help_text": null, "required": true, "ordering": 12}}, {"model": "djf_surveys.question", "pk": 57, "fields": {"created_at": "2024-11-17T11:09:19.675Z", "updated_at": "2024-11-17T11:15:07.745Z", "key": "have-you-ever-felt-that-your-achievements-were-undermined-or-downplayed-by-others-at-the-university", "survey": 7, "label": "10. Have you ever felt that your achievements were undermined or downplayed by others at the university?", "type_field": 2, "choices": "Yes,No,Not sure", "help_text": null, "required": true, "ordering": 13}}, {"model": "djf_surveys.question", "pk": 58, "fields": {"created_at": "2024-11-17T11:09:58.826Z", "updated_at": "2024-11-17T11:15:21.736Z", "key": "do-you-feel-that-some-members-of-the-university-community-students-faculty-or-staff-engage-in-behavior-that-goes-against-the-values-of-integrity-and-respect", "survey": 7, "label": "11. Do you feel that some members of the university community (students, faculty, or staff) engage in behavior that goes against the values of integrity and respect?", "type_field": 2, "choices": "Yes frequently,Occasionally,No,Not sure", "help_text": null, "required": true, "ordering": 14}}, {"model": "djf_surveys.question", "pk": 59, "fields": {"created_at": "2024-11-17T11:10:24.364Z", "updated_at": "2024-11-17T11:15:30.465Z", "key": "have-you-witnessed-or-experienced-any-form-of-dishonesty-such-as-cheating-lying-or-stealing-within-the-university", "survey": 7, "label": "12. Have you witnessed or experienced any form of dishonesty (such as cheating, lying, or stealing) within the university?", "type_field": 2, "choices": "Yes,No,Not sure", "help_text": null, "required": true, "ordering": 15}}, {"model": "djf_surveys.question", "pk": 60, "fields": {"created_at": "2024-11-17T11:10:49.042Z", "updated_at": "2024-11-17T11:15:38.406Z", "key": "do-you-believe-the-university-does-enough-to-promote-ethical-behavior-and-integrity-among-its-members", "survey": 7, "label": "13. Do you believe the university does enough to promote ethical behavior and integrity among its members?", "type_field": 2, "choices": "Yes,No,Unsure", "help_text": null, "required": true, "ordering": 16}}, {"model": "djf_surveys.question", "pk": 61, "fields": {"created_at": "2024-11-17T11:11:59.586Z", "updated_at": "2024-11-17T11:13:41.155Z", "key": "which-coursesprograms-are-you-affiliated-or-connected-with-eslxmcxyiz-1", "survey": 7, "label": "Which courses/programs are you affiliated or connected with?", "type_field": 3, "choices": "Doctor of Philosophy in Agriculture, Doctor of Philosophy in Education, Doctor of Philosophy in Management, Master in Business Administration, Master in Public Administration, Master of Agriculture, Master of Agricultural Extension, Master of Arts in Education, Master of Engineering, Master of Management, Master of Professional Studies, Master of Science in Agricultural Engineering, Master of Science in Agriculture, Master of Science in Biology, Master of Science in Food Science, Master of Science in Information Technology, Bachelor of Agricultural Entrepreneurship, Bachelor of Arts in English Language Studies, Bachelor of Arts in Journalism, Bachelor of Arts in Political Science, Bachelor of Early Childhood Education, Bachelor of Elementary Education, Bachelor of Science in Exercise and Sports Sciences, Bachelor of Physical Education, Bachelor of Science in Accountancy, Bachelor of Science in Agricultural and Biosystems Engineering, Bachelor of Science in Agriculture, Bachelor of Science in Applied Mathematics, Bachelor of Science in Architecture, Bachelor of Science in Biology, Bachelor of Science in Business Administration, Bachelor of Science in Business Management, Bachelor of Science in Civil Engineering, Bachelor of Science in Computer Engineering, Bachelor of Science in Computer Science, Bachelor of Science in Development Management, Bachelor of Science in Economics, Bachelor of Science in Electrical Engineering, Bachelor of Science in Electronics Engineering, Bachelor of Science in Environmental Science, Bachelor of Science in Entrepreneurship, Bachelor of Science in Fisheries, Bachelor of Science in Hospitality Management, Bachelor of Science in Industrial Education, Bachelor of Science in Industrial Engineering, Bachelor of Science in Industrial Technology with major in Automotive Technology,  Bachelor of Science in Industrial Technology with major in Electrical Technology,  Bachelor of Science in Industrial Technology with major in Electronics Technology, Bachelor of Science in Information Technology, Bachelor of Science in International Studies, Bachelor of Science in Medical Technology, Bachelor of Science in Midwifery, Bachelor of Science in Nursing, Bachelor of Science in Office Administration, Bachelor of Science in Psychology, Bachelor of Science in Social Work, Bachelor of Science in Tourism Management, Bachelor of Secondary Education, Bachelor of Special Needs Education, Bachelor of Technical Vocational Teacher Education, Bachelor of Technology and Livelihood Education, Diploma in Midwifery, Doctor of Veterinary Medicine, Teacher Certificate Program, None / University Staff.", "help_text": null, "required": true, "ordering": 3}}, {"model": "djf_surveys.question", "pk": 62, "fields": {"created_at": "2024-11-17T11:13:04.396Z", "updated_at": "2024-11-17T11:13:41.146Z", "key": "which-campuses-of-cvsu-are-you-associated-with-lvxgpprrib-1", "survey": 7, "label": "Which campuses of CVSU are you associated with?", "type_field": 2, "choices": "Indang/Main Campus,Bacoor Campus,Carmona Campus,Cavite City Campus,Imus Campus,Maragondon Campus, Naic Campus, Silang Campus, Tanza Campus, Trece Martires City Campus", "help_text": null, "required": true, "ordering": 2}}, {"model": "djf_surveys.question", "pk": 63, "fields": {"created_at": "2024-11-17T11:13:27.556Z", "updated_at": "2024-11-19T05:14:43.707Z", "key": "what-is-your-current-affiliation-with-your-cvsu-campus-qoqptkulzh-1", "survey": 7, "label": "What is your current affiliation with your CVSU campus?", "type_field": 2, "choices": "None,Masters,Alumni,Postdoctoral,University Staff,Former Enrollee/Staff/Employee,First-Year Student,Second-Year Student,Third-Year Student,Fourth-Year Student", "help_text": null, "required": true, "ordering": 1}}, {"model": "djf_surveys.question", "pk": 64, "fields": {"created_at": "2024-11-17T11:37:08.216Z", "updated_at": "2024-11-17T11:37:08.225Z", "key": "5-how-often-do-you-feel-overwhelmed-by-your-academic-workload-or-university-related-stress", "survey": 5, "label": "5. How often do you feel overwhelmed by your academic workload or university-related stress?", "type_field": 2, "choices": "Very often; I feel overwhelmed frequently.,Occasionally; I feel stressed or overwhelmed.,Rarely; I manage to keep my stress under control.,Never; I feel confident in managing my workload.", "help_text": null, "required": true, "ordering": 0}}, {"model": "djf_surveys.question", "pk": 65, "fields": {"created_at": "2024-11-17T11:42:39.190Z", "updated_at": "2024-11-17T11:42:39.209Z", "key": "any-messages-tips-or-advice-you-would-like-to-share-that-could-help-the-readerkabsuhenyos", "survey": 8, "label": "Any messages, tips, or advice you would like to share that could help the reader/Kabsuhenyos?", "type_field": 5, "choices": null, "help_text": null, "required": true, "ordering": 0}}, {"model": "djf_surveys.question", "pk": 67, "fields": {"created_at": "2024-11-19T13:40:05.222Z", "updated_at": "2024-11-21T13:36:23.217Z", "key": "1-how-would-you-rate-your-overall-satisfaction-with-the-universitys-career-services", "survey": 10, "label": "1. How would you rate your overall satisfaction with the university's career services?", "type_field": 2, "choices": "Very satisfied,Satisfied,Neutral,Dissatisfied,Very dissatisfied", "help_text": "Support and resources to help students explore career paths, develop skills, and connect with job opportunities", "required": true, "ordering": 4}}, {"model": "djf_surveys.question", "pk": 68, "fields": {"created_at": "2024-11-19T13:42:43.152Z", "updated_at": "2024-11-21T13:36:23.226Z", "key": "2-how-well-do-you-feel-the-university-is-preparing-you-for-the-job-market", "survey": 10, "label": "2. How well do you feel the university is preparing you for the job market?", "type_field": 2, "choices": "Very well,Somewhat well,Neutral,Poorly,Very poorly", "help_text": "Feeling ready for the job market.", "required": true, "ordering": 5}}, {"model": "djf_surveys.question", "pk": 69, "fields": {"created_at": "2024-11-19T14:00:02.450Z", "updated_at": "2024-11-21T13:36:23.234Z", "key": "3-do-you-feel-there-is-a-risk-of-a-job-mismatch-after-graduating-from-your-program", "survey": 10, "label": "3. Do you feel there is a risk of a job mismatch after graduating from your program?", "type_field": 2, "choices": "Yes very concerned,Somewhat concerned,Neutral,Not very concerned,Not concerned at all", "help_text": "job mismatch = Having a job that doesn't match your skills or education.", "required": true, "ordering": 6}}, {"model": "djf_surveys.question", "pk": 70, "fields": {"created_at": "2024-11-19T14:03:28.392Z", "updated_at": "2024-11-21T13:36:23.243Z", "key": "4-are-there-programs-or-workshops-on-campus-related-to-career-readiness-that-you-have-participated-in", "survey": 10, "label": "4. Are there programs or workshops on campus related to career readiness that you have participated in?", "type_field": 2, "choices": "Yes and they were very helpful,Yes but they were only somewhat helpful,Yes but they were not helpful,No I have not participated in any,No but I would be interested in participating", "help_text": "Campus programs or workshops to help you get ready for a job.", "required": true, "ordering": 7}}, {"model": "djf_surveys.question", "pk": 71, "fields": {"created_at": "2024-11-19T14:09:28.112Z", "updated_at": "2024-11-21T13:36:23.259Z", "key": "6-select-additional-services-or-improvements-would-you-like-the-career-office-to-provide", "survey": 10, "label": "6. Select additional services or improvements would you like the career office to provide", "type_field": 4, "choices": "More career fairs and networking events,Specialized services for underrepresented groups,Industry-specific job market insights,Greater collaboration with companies for internships and job placements,Skill development workshops (e.g. soft skills; technical skills),Support for students pursuing non-traditional careers (eg. freelance; creative fields),One-on-one career counseling sessions,None of the above", "help_text": "What other services or improvements would you like the career office to offer?", "required": true, "ordering": 9}}, {"model": "djf_surveys.question", "pk": 72, "fields": {"created_at": "2024-11-19T14:13:58.522Z", "updated_at": "2024-11-21T13:36:23.251Z", "key": "5-which-of-the-following-would-help-you-feel-more-prepared-for-your-future-career", "survey": 10, "label": "5. Which of the following would help you feel more prepared for your future career?", "type_field": 2, "choices": "More industry-specific workshops or training,Better career counseling services,Improved internship opportunities,Greater access to networking events with alumni and professionals,None of the Above", "help_text": "What would help you feel more ready for your future job", "required": true, "ordering": 8}}, {"model": "djf_surveys.question", "pk": 73, "fields": {"created_at": "2024-11-19T14:17:23.912Z", "updated_at": "2024-11-21T13:34:30.597Z", "key": "1-are-you-aware-of-any-sustainability-initiatives-organized-by-the-university-eg-recycling-programs-tree-planting-energy-saving-measures", "survey": 9, "label": "1. Are you aware of any sustainability initiatives organized by the university (e.g., recycling programs, tree planting, energy-saving measures)?", "type_field": 2, "choices": "Yes very aware,Somewhat aware,Not aware", "help_text": "Do you know about any eco-friendly programs at the university?", "required": true, "ordering": 4}}, {"model": "djf_surveys.question", "pk": 74, "fields": {"created_at": "2024-11-19T14:19:19.353Z", "updated_at": "2024-11-21T13:34:30.605Z", "key": "2-have-you-participated-in-any-of-the-universitys-sustainability-programs", "survey": 9, "label": "2. Have you participated in any of the university's sustainability programs?", "type_field": 2, "choices": "Yes regularly,Yes occasionally,No but I am interested,No and I am not interested", "help_text": "Have you joined any of the university's eco-friendly programs?", "required": true, "ordering": 5}}, {"model": "djf_surveys.question", "pk": 75, "fields": {"created_at": "2024-11-19T14:20:22.552Z", "updated_at": "2024-11-21T13:34:30.614Z", "key": "3-how-effective-do-you-think-the-universitys-sustainability-programs-are-in-making-an-environmental-impact", "survey": 9, "label": "3. How effective do you think the university’s sustainability programs are in making an environmental impact?", "type_field": 2, "choices": "Very effective,Somewhat effective,Neutral,Not very effective,Not effective at all", "help_text": "How do you think the university’s eco-friendly programs are helping the environment?", "required": true, "ordering": 6}}, {"model": "djf_surveys.question", "pk": 76, "fields": {"created_at": "2024-11-19T14:22:54.962Z", "updated_at": "2024-11-21T13:34:30.622Z", "key": "4-how-do-you-think-improper-waste-management-on-campus-eg-littering-inadequate-disposal-affects-the-surrounding-environment", "survey": 9, "label": "4. How do you think improper waste management on campus (e.g., littering, inadequate disposal) affects the surrounding environment?", "type_field": 2, "choices": "Significantly harms the environment,Somewhat harms the environment,Has no noticeable impact,Improves the environment ,Not sure/No opinion", "help_text": "How do you think trash and bad waste disposal on campus harm the environment?", "required": true, "ordering": 7}}, {"model": "djf_surveys.question", "pk": 77, "fields": {"created_at": "2024-11-19T14:25:02.072Z", "updated_at": "2024-11-21T13:34:30.631Z", "key": "how-do-you-think-the-overall-waste-practices-on-campus-eg-waste-disposal-recycling-affect-the-local-environment-surrounding-the-university", "survey": 9, "label": "5.How do you think the overall waste practices on campus (e.g., waste disposal, recycling) affect the local environment surrounding the university?", "type_field": 2, "choices": "They significantly contribute to pollution in the surrounding area,They somewhat contribute to pollution but efforts are being made to improve,They have little to no effect on the surrounding environment,They positively contribute to the environment ( through recycling; clean-up programs),I’m not sure/No opinion", "help_text": "How do you think the campus waste practices, such as disposal and recycling, affect the surrounding environment?\"", "required": true, "ordering": 8}}, {"model": "djf_surveys.question", "pk": 78, "fields": {"created_at": "2024-11-19T14:28:08.862Z", "updated_at": "2024-11-21T13:34:30.645Z", "key": "6-what-measures-would-you-suggest-to-reduce-the-negative-environmental-impact-caused-by-waste-on-campus", "survey": 9, "label": "6. What measures would you suggest to reduce the negative environmental impact caused by waste on campus?", "type_field": 4, "choices": "Increase recycling programs and availability of recycling bins,Implement stricter rules and penalties for littering,Conduct awareness campaigns about the importance of proper waste disposal,Provide more waste separation bins ,Partner with local organizations for waste clean-up initiatives,Encourage the use of reusable products ,Improve waste collection frequency and infrastructure,None of the above", "help_text": "What ideas do you have to help reduce the environmental impact of waste on campus?", "required": true, "ordering": 9}}, {"model": "djf_surveys.question", "pk": 79, "fields": {"created_at": "2024-11-19T14:37:13.222Z", "updated_at": "2024-11-21T13:39:14.620Z", "key": "1-how-satisfied-are-you-with-the-cleanliness-of-campus-facilities-eg-classrooms-restrooms-common-areas", "survey": 11, "label": "1. How satisfied are you with the cleanliness of campus facilities (e.g., classrooms, restrooms, common areas)?", "type_field": 2, "choices": "Very satisfied,Satisfied,Neutral,Dissatisfied,Very dissatisfied", "help_text": null, "required": true, "ordering": 4}}, {"model": "djf_surveys.question", "pk": 80, "fields": {"created_at": "2024-11-19T14:38:06.372Z", "updated_at": "2024-11-21T13:39:14.629Z", "key": "2-are-campus-facilities-eg-classrooms-labs-sports-facilities-adequately-maintained", "survey": 11, "label": "2. Are campus facilities (e.g., classrooms, labs, sports facilities) adequately maintained?", "type_field": 2, "choices": "Yes they are very well-maintained,Somewhat maintained,Neutral,Poorly maintained,Very poorly maintained", "help_text": null, "required": true, "ordering": 5}}, {"model": "djf_surveys.question", "pk": 81, "fields": {"created_at": "2024-11-19T14:38:57.002Z", "updated_at": "2024-11-21T13:39:14.638Z", "key": "3-how-accessible-are-campus-facilities-for-students-with-disabilities", "survey": 11, "label": "3. How accessible are campus facilities for students with disabilities?", "type_field": 2, "choices": "Very accessible,Somewhat accessible,Neutral,Not very accessible,Not accessible at all", "help_text": null, "required": true, "ordering": 6}}, {"model": "djf_surveys.question", "pk": 82, "fields": {"created_at": "2024-11-19T14:39:57.522Z", "updated_at": "2024-11-21T13:39:14.646Z", "key": "4-have-you-participated-in-any-feedback-or-improvement-programs-for-campus-facilities", "survey": 11, "label": "4. Have you participated in any feedback or improvement programs for campus facilities?", "type_field": 2, "choices": "Yes and my feedback was addressed,Yes but my feedback was not addressed,No but I am interested in participating,No and I am not interested", "help_text": null, "required": true, "ordering": 7}}, {"model": "djf_surveys.question", "pk": 83, "fields": {"created_at": "2024-11-19T14:43:29.612Z", "updated_at": "2024-11-21T13:39:14.654Z", "key": "5-what-improvements-do-you-think-are-most-needed-in-campus-facilities", "survey": 11, "label": "5. What improvements do you think are most needed in campus facilities?", "type_field": 4, "choices": "Better maintenance and cleanliness,Upgrading classroom and laboratory equipment,Creating more quiet study spaces,Adding accessible facilities for people with disabilities,More comfortable seating in classrooms and lecture halls,Increased availability of charging stations and power outlets,Enhanced Wi-Fi connectivity across campus,More green spaces and outdoor seating areas,Improved air conditioning or ventilation systems,More recreational facilities / better recreational equipments,Creation of dedicated student lounge or common areas,None", "help_text": null, "required": true, "ordering": 8}}, {"model": "djf_surveys.question", "pk": 85, "fields": {"created_at": "2024-11-19T14:46:54.082Z", "updated_at": "2024-11-21T13:39:14.663Z", "key": "6-what-is-the-biggest-issue-you-have-experienced-with-campus-facilities-xokehyxnwz-1", "survey": 11, "label": "6. What is the biggest issue you have experienced with campus facilities?", "type_field": 4, "choices": "Poor internet connectivity or Wi-Fi access,Poor air quality or ventilation,Outdated or malfunctioning equipment,Uncomfortable study or working environments,Long waiting times for equipment or facilities,Overcrowded or inadequate recreational facilities & recreational equipments,Inaccessibility of buildings for students with disabilities,None", "help_text": null, "required": true, "ordering": 9}}, {"model": "djf_surveys.question", "pk": 86, "fields": {"created_at": "2024-11-19T15:04:06.622Z", "updated_at": "2024-11-19T15:28:26.811Z", "key": "1-do-you-believe-the-scholarship-allocation-process-at-the-university-is-fair-to-all-students-regardless-of-personal-connections-or-background", "survey": 12, "label": "1. Do you believe the scholarship allocation process at the university is fair to all students, regardless of personal connections or background?", "type_field": 2, "choices": "Yes the process is transparent and based solely on merit,No students with personal connections or backers have an advantage,No I believe there is favoritism in the allocation process but it's not solely based on personal connections,I am unsure about the fairness of the process,No opinion", "help_text": "Do you think the scholarship process at the university is fair to all students, no matter their background or connections?", "required": true, "ordering": 1}}, {"model": "djf_surveys.question", "pk": 87, "fields": {"created_at": "2024-11-19T15:06:10.752Z", "updated_at": "2024-11-19T15:28:41.671Z", "key": "2-have-you-ever-felt-that-favoritism-or-corruption-has-influenced-the-awarding-of-scholarships-at-the-university", "survey": 12, "label": "2. Have you ever felt that favoritism or corruption has influenced the awarding of scholarships at the university?", "type_field": 2, "choices": "No I have never observed or experienced favoritism or corruption in the process,Yes I have observed favoritism but it was not directly related to my case,Yes I have personally experienced or witnessed favoritism or corruption that influenced the outcome,I have heard rumors of such issues but I have no personal experience,No opinion", "help_text": "Do you think the university’s scholarship process is fair to all students, regardless of their background or connections?", "required": true, "ordering": 2}}, {"model": "djf_surveys.question", "pk": 88, "fields": {"created_at": "2024-11-19T15:08:18.212Z", "updated_at": "2024-11-19T15:29:29.375Z", "key": "5how-useful-do-you-find-the-stipend-provided-by-the-university-for-your-academic-and-personal-expenses", "survey": 12, "label": "5.How useful do you find the stipend provided by the university for your academic and personal expenses?", "type_field": 2, "choices": "Very useful; it significantly helps with my academic and personal expenses,Somewhat useful; it covers some expenses but not all,Not useful; it doesn’t cover enough of my expenses,I do not receive a stipend", "help_text": "How helpful is the stipend provided by the university for your academic and personal expenses?", "required": true, "ordering": 5}}, {"model": "djf_surveys.question", "pk": 89, "fields": {"created_at": "2024-11-19T15:10:13.264Z", "updated_at": "2024-11-19T15:29:02.714Z", "key": "4do-you-believe-the-rle-fees-are-set-at-a-fair-price-or-do-you-think-that-the-fees-are-sometimes-manipulated-for-profit-or-favor-certain-groups", "survey": 12, "label": "4.Do you believe the RLE fees are set at a fair price, or do you think that the fees are sometimes manipulated for profit or favor certain groups?", "type_field": 2, "choices": "The fees are fairly set and reflect the value of the RLE experiences provided,The fees are too high and sometimes it feels like they are set to benefit certain groups or individuals,The fees are fair but I feel there could be more transparency in how they are allocated,I am unsure about how the fees are set", "help_text": "Do you think the RLE fees are fair, or are they sometimes set higher for profit or to favor certain groups?", "required": true, "ordering": 4}}, {"model": "djf_surveys.question", "pk": 90, "fields": {"created_at": "2024-11-19T15:13:48.152Z", "updated_at": "2024-11-19T15:28:50.081Z", "key": "3-do-you-think-the-rle-fee-is-justified-based-on-the-quality-and-extent-of-the-practical-learning-experiences-provided", "survey": 12, "label": "3. Do you think the RLE fee is justified based on the quality and extent of the practical learning experiences provided?", "type_field": 2, "choices": "Yes the fee is justified and adequately covers the related activities,The fee is somewhat justified but it could be lower for the services offered,No the fee is too high compared to the benefits of the RLE,I am unsure of what the RLE fee covers", "help_text": "Do you think the RLE fee is reasonable considering the quality and scope of the practical learning experiences?", "required": true, "ordering": 3}}, {"model": "djf_surveys.question", "pk": 91, "fields": {"created_at": "2024-11-19T15:21:08.062Z", "updated_at": "2024-11-19T15:29:49.752Z", "key": "6have-you-ever-experienced-or-witnessed-any-unfair-practices-such-as-bribery-favoritism-or-corruption-when-receiving-or-applying-for-student-stipends", "survey": 12, "label": "6.Have you ever experienced or witnessed any unfair practices, such as bribery, favoritism, or corruption, when receiving or applying for student stipends?", "type_field": 2, "choices": "No I have never experienced or witnessed any unfair practices related to stipends,Yes I have seen favoritism or unfair treatment when distributing stipends. but it didn't affect me personally,Yes I have personally experienced unfair practices when applying for or receiving a stipend,I am not aware of any corruption or favoritism related to stipends", "help_text": null, "required": true, "ordering": 6}}, {"model": "djf_surveys.question", "pk": 92, "fields": {"created_at": "2024-11-21T13:32:28.592Z", "updated_at": "2024-11-21T13:34:30.571Z", "key": "what-is-your-current-affiliation-with-your-cvsu-campus-navufborgr-1", "survey": 9, "label": "What is your current affiliation with your CVSU campus?", "type_field": 2, "choices": "None,Masters,Alumni,Postdoctoral,University Staff,Former Enrollee/Staff/Employee,First-Year Student,Second-Year Student,Third-Year Student,Fourth-Year Student", "help_text": null, "required": true, "ordering": 1}}, {"model": "djf_surveys.question", "pk": 93, "fields": {"created_at": "2024-11-21T13:33:24.191Z", "updated_at": "2024-11-21T13:34:30.580Z", "key": "which-campuses-of-cvsu-are-you-associated-with-xmrxkobbyh-1", "survey": 9, "label": "Which campuses of CVSU are you associated with?", "type_field": 2, "choices": "Indang/Main Campus,Bacoor Campus,Carmona Campus,Cavite City Campus,Imus Campus,Maragondon Campus, Naic Campus, Silang Campus, Tanza Campus, Trece Martires City Campus", "help_text": null, "required": true, "ordering": 2}}, {"model": "djf_surveys.question", "pk": 94, "fields": {"created_at": "2024-11-21T13:34:00.731Z", "updated_at": "2024-11-21T13:34:30.589Z", "key": "which-coursesprograms-are-you-affiliated-or-connected-with-xzlreqtkid-1", "survey": 9, "label": "Which courses/programs are you affiliated or connected with?", "type_field": 3, "choices": "Doctor of Philosophy in Agriculture, Doctor of Philosophy in Education, Doctor of Philosophy in Management, Master in Business Administration, Master in Public Administration, Master of Agriculture, Master of Agricultural Extension, Master of Arts in Education, Master of Engineering, Master of Management, Master of Professional Studies, Master of Science in Agricultural Engineering, Master of Science in Agriculture, Master of Science in Biology, Master of Science in Food Science, Master of Science in Information Technology, Bachelor of Agricultural Entrepreneurship, Bachelor of Arts in English Language Studies, Bachelor of Arts in Journalism, Bachelor of Arts in Political Science, Bachelor of Early Childhood Education, Bachelor of Elementary Education, Bachelor of Science in Exercise and Sports Sciences, Bachelor of Physical Education, Bachelor of Science in Accountancy, Bachelor of Science in Agricultural and Biosystems Engineering, Bachelor of Science in Agriculture, Bachelor of Science in Applied Mathematics, Bachelor of Science in Architecture, Bachelor of Science in Biology, Bachelor of Science in Business Administration, Bachelor of Science in Business Management, Bachelor of Science in Civil Engineering, Bachelor of Science in Computer Engineering, Bachelor of Science in Computer Science, Bachelor of Science in Development Management, Bachelor of Science in Economics, Bachelor of Science in Electrical Engineering, Bachelor of Science in Electronics Engineering, Bachelor of Science in Environmental Science, Bachelor of Science in Entrepreneurship, Bachelor of Science in Fisheries, Bachelor of Science in Hospitality Management, Bachelor of Science in Industrial Education, Bachelor of Science in Industrial Engineering, Bachelor of Science in Industrial Technology with major in Automotive Technology,  Bachelor of Science in Industrial Technology with major in Electrical Technology,  Bachelor of Science in Industrial Technology with major in Electronics Technology, Bachelor of Science in Information Technology, Bachelor of Science in International Studies, Bachelor of Science in Medical Technology, Bachelor of Science in Midwifery, Bachelor of Science in Nursing, Bachelor of Science in Office Administration, Bachelor of Science in Psychology, Bachelor of Science in Social Work, Bachelor of Science in Tourism Management, Bachelor of Secondary Education, Bachelor of Special Needs Education, Bachelor of Technical Vocational Teacher Education, Bachelor of Technology and Livelihood Education, Diploma in Midwifery, Doctor of Veterinary Medicine, Teacher Certificate Program, None / University Staff.", "help_text": null, "required": true, "ordering": 3}}, {"model": "djf_surveys.question", "pk": 95, "fields": {"created_at": "2024-11-21T13:35:29.470Z", "updated_at": "2024-11-21T13:36:23.192Z", "key": "what-is-your-current-affiliation-with-your-cvsu-campus-byxvfunrby-1", "survey": 10, "label": "What is your current affiliation with your CVSU campus?", "type_field": 2, "choices": "None,Masters,Alumni,Postdoctoral,University Staff,Former Enrollee/Staff/Employee,First-Year Student,Second-Year Student,Third-Year Student,Fourth-Year Student", "help_text": null, "required": true, "ordering": 1}}, {"model": "djf_surveys.question", "pk": 96, "fields": {"created_at": "2024-11-21T13:35:46.380Z", "updated_at": "2024-11-21T13:36:23.209Z", "key": "which-campuses-of-cvsu-are-you-associated-with-tnmomzxwtc-1", "survey": 10, "label": "Which campuses of CVSU are you associated with?", "type_field": 3, "choices": "Indang/Main Campus,Bacoor Campus,Carmona Campus,Cavite City Campus,Imus Campus,Maragondon Campus, Naic Campus, Silang Campus, Tanza Campus, Trece Martires City Campus", "help_text": null, "required": true, "ordering": 3}}, {"model": "djf_surveys.question", "pk": 97, "fields": {"created_at": "2024-11-21T13:36:04.261Z", "updated_at": "2024-11-21T13:36:23.201Z", "key": "which-coursesprograms-are-you-affiliated-or-connected-with-rwfqgozzrj-1", "survey": 10, "label": "Which courses/programs are you affiliated or connected with?", "type_field": 3, "choices": "Doctor of Philosophy in Agriculture, Doctor of Philosophy in Education, Doctor of Philosophy in Management, Master in Business Administration, Master in Public Administration, Master of Agriculture, Master of Agricultural Extension, Master of Arts in Education, Master of Engineering, Master of Management, Master of Professional Studies, Master of Science in Agricultural Engineering, Master of Science in Agriculture, Master of Science in Biology, Master of Science in Food Science, Master of Science in Information Technology, Bachelor of Agricultural Entrepreneurship, Bachelor of Arts in English Language Studies, Bachelor of Arts in Journalism, Bachelor of Arts in Political Science, Bachelor of Early Childhood Education, Bachelor of Elementary Education, Bachelor of Science in Exercise and Sports Sciences, Bachelor of Physical Education, Bachelor of Science in Accountancy, Bachelor of Science in Agricultural and Biosystems Engineering, Bachelor of Science in Agriculture, Bachelor of Science in Applied Mathematics, Bachelor of Science in Architecture, Bachelor of Science in Biology, Bachelor of Science in Business Administration, Bachelor of Science in Business Management, Bachelor of Science in Civil Engineering, Bachelor of Science in Computer Engineering, Bachelor of Science in Computer Science, Bachelor of Science in Development Management, Bachelor of Science in Economics, Bachelor of Science in Electrical Engineering, Bachelor of Science in Electronics Engineering, Bachelor of Science in Environmental Science, Bachelor of Science in Entrepreneurship, Bachelor of Science in Fisheries, Bachelor of Science in Hospitality Management, Bachelor of Science in Industrial Education, Bachelor of Science in Industrial Engineering, Bachelor of Science in Industrial Technology with major in Automotive Technology,  Bachelor of Science in Industrial Technology with major in Electrical Technology,  Bachelor of Science in Industrial Technology with major in Electronics Technology, Bachelor of Science in Information Technology, Bachelor of Science in International Studies, Bachelor of Science in Medical Technology, Bachelor of Science in Midwifery, Bachelor of Science in Nursing, Bachelor of Science in Office Administration, Bachelor of Science in Psychology, Bachelor of Science in Social Work, Bachelor of Science in Tourism Management, Bachelor of Secondary Education, Bachelor of Special Needs Education, Bachelor of Technical Vocational Teacher Education, Bachelor of Technology and Livelihood Education, Diploma in Midwifery, Doctor of Veterinary Medicine, Teacher Certificate Program, None / University Staff.", "help_text": null, "required": true, "ordering": 2}}, {"model": "djf_surveys.question", "pk": 98, "fields": {"created_at": "2024-11-21T13:37:20.500Z", "updated_at": "2024-11-21T13:39:14.592Z", "key": "what-is-your-current-affiliation-with-your-cvsu-campus-lnrvvlarwk-1", "survey": 11, "label": "What is your current affiliation with your CVSU campus?", "type_field": 2, "choices": "None,Masters,Alumni,Postdoctoral,University Staff,Former Enrollee/Staff/Employee,First-Year Student,Second-Year Student,Third-Year Student,Fourth-Year Student", "help_text": null, "required": true, "ordering": 1}}, {"model": "djf_surveys.question", "pk": 99, "fields": {"created_at": "2024-11-21T13:38:25.030Z", "updated_at": "2024-11-21T13:39:14.602Z", "key": "which-campuses-of-cvsu-are-you-associated-with-xlonbowzai-1", "survey": 11, "label": "Which campuses of CVSU are you associated with?", "type_field": 2, "choices": "Indang/Main Campus,Bacoor Campus,Carmona Campus,Cavite City Campus,Imus Campus,Maragondon Campus, Naic Campus, Silang Campus, Tanza Campus, Trece Martires City Campus", "help_text": null, "required": true, "ordering": 2}}, {"model": "djf_surveys.question", "pk": 100, "fields": {"created_at": "2024-11-21T13:39:03.080Z", "updated_at": "2024-11-21T13:39:14.611Z", "key": "which-coursesprograms-are-you-affiliated-or-connected-with-efyioxmpon-1", "survey": 11, "label": "Which courses/programs are you affiliated or connected with?", "type_field": 3, "choices": "Doctor of Philosophy in Agriculture, Doctor of Philosophy in Education, Doctor of Philosophy in Management, Master in Business Administration, Master in Public Administration, Master of Agriculture, Master of Agricultural Extension, Master of Arts in Education, Master of Engineering, Master of Management, Master of Professional Studies, Master of Science in Agricultural Engineering, Master of Science in Agriculture, Master of Science in Biology, Master of Science in Food Science, Master of Science in Information Technology, Bachelor of Agricultural Entrepreneurship, Bachelor of Arts in English Language Studies, Bachelor of Arts in Journalism, Bachelor of Arts in Political Science, Bachelor of Early Childhood Education, Bachelor of Elementary Education, Bachelor of Science in Exercise and Sports Sciences, Bachelor of Physical Education, Bachelor of Science in Accountancy, Bachelor of Science in Agricultural and Biosystems Engineering, Bachelor of Science in Agriculture, Bachelor of Science in Applied Mathematics, Bachelor of Science in Architecture, Bachelor of Science in Biology, Bachelor of Science in Business Administration, Bachelor of Science in Business Management, Bachelor of Science in Civil Engineering, Bachelor of Science in Computer Engineering, Bachelor of Science in Computer Science, Bachelor of Science in Development Management, Bachelor of Science in Economics, Bachelor of Science in Electrical Engineering, Bachelor of Science in Electronics Engineering, Bachelor of Science in Environmental Science, Bachelor of Science in Entrepreneurship, Bachelor of Science in Fisheries, Bachelor of Science in Hospitality Management, Bachelor of Science in Industrial Education, Bachelor of Science in Industrial Engineering, Bachelor of Science in Industrial Technology with major in Automotive Technology,  Bachelor of Science in Industrial Technology with major in Electrical Technology,  Bachelor of Science in Industrial Technology with major in Electronics Technology, Bachelor of Science in Information Technology, Bachelor of Science in International Studies, Bachelor of Science in Medical Technology, Bachelor of Science in Midwifery, Bachelor of Science in Nursing, Bachelor of Science in Office Administration, Bachelor of Science in Psychology, Bachelor of Science in Social Work, Bachelor of Science in Tourism Management, Bachelor of Secondary Education, Bachelor of Special Needs Education, Bachelor of Technical Vocational Teacher Education, Bachelor of Technology and Livelihood Education, Diploma in Midwifery, Doctor of Veterinary Medicine, Teacher Certificate Program, None / University Staff.", "help_text": null, "required": true, "ordering": 3}}, {"model": "djf_surveys.question", "pk": 101, "fields": {"created_at": "2024-11-21T13:41:42.991Z", "updated_at": "2024-11-21T13:41:42.999Z", "key": "what-is-your-current-affiliation-with-your-cvsu-campus-rjkzfkwthy-1", "survey": 12, "label": "What is your current affiliation with your CVSU campus?", "type_field": 2, "choices": "None,Masters,Alumni,Postdoctoral,University Staff,Former Enrollee/Staff/Employee,First-Year Student,Second-Year Student,Third-Year Student,Fourth-Year Student", "help_text": null, "required": true, "ordering": 0}}, {"model": "djf_surveys.question", "pk": 102, "fields": {"created_at": "2024-11-21T13:42:17.410Z", "updated_at": "2024-11-21T13:42:17.419Z", "key": "which-campuses-of-cvsu-are-you-associated-with-qabungfeom-1", "survey": 12, "label": "Which campuses of CVSU are you associated with?", "type_field": 2, "choices": "Indang/Main Campus,Bacoor Campus,Carmona Campus,Cavite City Campus,Imus Campus,Maragondon Campus, Naic Campus, Silang Campus, Tanza Campus, Trece Martires City Campus", "help_text": null, "required": true, "ordering": 0}}, {"model": "djf_surveys.question", "pk": 103, "fields": {"created_at": "2024-11-21T13:42:39.340Z", "updated_at": "2024-11-21T13:42:39.351Z", "key": "which-coursesprograms-are-you-affiliated-or-connected-with-jtotdorida-1", "survey": 12, "label": "Which courses/programs are you affiliated or connected with?", "type_field": 3, "choices": "Doctor of Philosophy in Agriculture, Doctor of Philosophy in Education, Doctor of Philosophy in Management, Master in Business Administration, Master in Public Administration, Master of Agriculture, Master of Agricultural Extension, Master of Arts in Education, Master of Engineering, Master of Management, Master of Professional Studies, Master of Science in Agricultural Engineering, Master of Science in Agriculture, Master of Science in Biology, Master of Science in Food Science, Master of Science in Information Technology, Bachelor of Agricultural Entrepreneurship, Bachelor of Arts in English Language Studies, Bachelor of Arts in Journalism, Bachelor of Arts in Political Science, Bachelor of Early Childhood Education, Bachelor of Elementary Education, Bachelor of Science in Exercise and Sports Sciences, Bachelor of Physical Education, Bachelor of Science in Accountancy, Bachelor of Science in Agricultural and Biosystems Engineering, Bachelor of Science in Agriculture, Bachelor of Science in Applied Mathematics, Bachelor of Science in Architecture, Bachelor of Science in Biology, Bachelor of Science in Business Administration, Bachelor of Science in Business Management, Bachelor of Science in Civil Engineering, Bachelor of Science in Computer Engineering, Bachelor of Science in Computer Science, Bachelor of Science in Development Management, Bachelor of Science in Economics, Bachelor of Science in Electrical Engineering, Bachelor of Science in Electronics Engineering, Bachelor of Science in Environmental Science, Bachelor of Science in Entrepreneurship, Bachelor of Science in Fisheries, Bachelor of Science in Hospitality Management, Bachelor of Science in Industrial Education, Bachelor of Science in Industrial Engineering, Bachelor of Science in Industrial Technology with major in Automotive Technology,  Bachelor of Science in Industrial Technology with major in Electrical Technology,  Bachelor of Science in Industrial Technology with major in Electronics Technology, Bachelor of Science in Information Technology, Bachelor of Science in International Studies, Bachelor of Science in Medical Technology, Bachelor of Science in Midwifery, Bachelor of Science in Nursing, Bachelor of Science in Office Administration, Bachelor of Science in Psychology, Bachelor of Science in Social Work, Bachelor of Science in Tourism Management, Bachelor of Secondary Education, Bachelor of Special Needs Education, Bachelor of Technical Vocational Teacher Education, Bachelor of Technology and Livelihood Education, Diploma in Midwifery, Doctor of Veterinary Medicine, Teacher Certificate Program, None / University Staff.", "help_text": null, "required": true, "ordering": 0}}, {"model": "djf_surveys.useranswer", "pk": 4, "fields": {"created_at": "2024-11-17T11:27:14.798Z", "updated_at": "2024-11-19T06:15:51.556Z", "survey": 2, "user": 3}}, {"model": "djf_surveys.useranswer", "pk": 5, "fields": {"created_at": "2024-11-17T11:29:44.208Z", "updated_at": "2024-11-17T11:29:44.208Z", "survey": 7, "user": 3}}, {"model": "djf_surveys.useranswer", "pk": 6, "fields": {"created_at": "2024-11-17T11:33:46.678Z", "updated_at": "2024-11-17T11:33:46.678Z", "survey": 6, "user": 3}}, {"model": "djf_surveys.useranswer", "pk": 7, "fields": {"created_at": "2024-11-17T11:49:15.328Z", "updated_at": "2024-11-17T11:49:15.328Z", "survey": 5, "user": 3}}, {"model": "djf_surveys.useranswer", "pk": 8, "fields": {"created_at": "2024-11-17T11:51:00.798Z", "updated_at": "2024-11-17T11:51:00.798Z", "survey": 4, "user": 3}}, {"model": "djf_surveys.useranswer", "pk": 9, "fields": {"created_at": "2024-11-17T12:00:31.332Z", "updated_at": "2024-11-17T12:00:31.332Z", "survey": 8, "user": 3}}, {"model": "djf_surveys.useranswer", "pk": 10, "fields": {"created_at": "2024-11-17T12:33:35.978Z", "updated_at": "2024-11-19T05:12:44.347Z", "survey": 2, "user": 1}}, {"model": "djf_surveys.answer", "pk": 18, "fields": {"created_at": "2024-11-17T11:27:14.798Z", "updated_at": "2024-11-19T06:15:51.557Z", "question": 22, "value": "third-year_student", "user_answer": 4}}, {"model": "djf_surveys.answer", "pk": 19, "fields": {"created_at": "2024-11-17T11:27:14.798Z", "updated_at": "2024-11-19T06:15:51.558Z", "question": 8, "value": "indang/main_campus", "user_answer": 4}}, {"model": "djf_surveys.answer", "pk": 20, "fields": {"created_at": "2024-11-17T11:27:14.799Z", "updated_at": "2024-11-19T06:15:51.559Z", "question": 11, "value": "bachelor_of_science_in_exercise_and_sports_sciences", "user_answer": 4}}, {"model": "djf_surveys.answer", "pk": 21, "fields": {"created_at": "2024-11-17T11:27:14.799Z", "updated_at": "2024-11-19T06:15:51.559Z", "question": 10, "value": "a_compliment,a_good_meal,a_funny_meme,time_spent_with_loved_ones,si_crush,nature,my_new_accomplishment", "user_answer": 4}}, {"model": "djf_surveys.answer", "pk": 22, "fields": {"created_at": "2024-11-17T11:27:14.799Z", "updated_at": "2024-11-19T06:15:51.560Z", "question": 12, "value": "i’m_making_time_for_my_interests._it’s_been_really_helpful_for_my_mental_health.", "user_answer": 4}}, {"model": "djf_surveys.answer", "pk": 23, "fields": {"created_at": "2024-11-17T11:29:44.209Z", "updated_at": "2024-11-17T11:29:44.209Z", "question": 63, "value": "third-year_student", "user_answer": 5}}, {"model": "djf_surveys.answer", "pk": 24, "fields": {"created_at": "2024-11-17T11:29:44.209Z", "updated_at": "2024-11-17T11:29:44.209Z", "question": 62, "value": "indang/main_campus", "user_answer": 5}}, {"model": "djf_surveys.answer", "pk": 25, "fields": {"created_at": "2024-11-17T11:29:44.209Z", "updated_at": "2024-11-17T11:29:44.209Z", "question": 61, "value": "bachelor_of_science_in_exercise_and_sports_sciences", "user_answer": 5}}, {"model": "djf_surveys.answer", "pk": 26, "fields": {"created_at": "2024-11-17T11:29:44.209Z", "updated_at": "2024-11-17T11:29:44.209Z", "question": 47, "value": "occasionally", "user_answer": 5}}, {"model": "djf_surveys.answer", "pk": 27, "fields": {"created_at": "2024-11-17T11:29:44.210Z", "updated_at": "2024-11-17T11:29:44.210Z", "question": 48, "value": "agree", "user_answer": 5}}, {"model": "djf_surveys.answer", "pk": 28, "fields": {"created_at": "2024-11-17T11:29:44.210Z", "updated_at": "2024-11-17T11:29:44.210Z", "question": 49, "value": "yes_rarely", "user_answer": 5}}, {"model": "djf_surveys.answer", "pk": 29, "fields": {"created_at": "2024-11-17T11:29:44.210Z", "updated_at": "2024-11-17T11:29:44.210Z", "question": 50, "value": "unsure", "user_answer": 5}}, {"model": "djf_surveys.answer", "pk": 30, "fields": {"created_at": "2024-11-17T11:29:44.210Z", "updated_at": "2024-11-17T11:29:44.210Z", "question": 51, "value": "sometimes", "user_answer": 5}}, {"model": "djf_surveys.answer", "pk": 31, "fields": {"created_at": "2024-11-17T11:29:44.210Z", "updated_at": "2024-11-17T11:29:44.210Z", "question": 52, "value": "not_sure", "user_answer": 5}}, {"model": "djf_surveys.answer", "pk": 32, "fields": {"created_at": "2024-11-17T11:29:44.211Z", "updated_at": "2024-11-17T11:29:44.211Z", "question": 53, "value": "sometimes", "user_answer": 5}}, {"model": "djf_surveys.answer", "pk": 33, "fields": {"created_at": "2024-11-17T11:29:44.211Z", "updated_at": "2024-11-17T11:29:44.211Z", "question": 54, "value": "occasionally", "user_answer": 5}}, {"model": "djf_surveys.answer", "pk": 34, "fields": {"created_at": "2024-11-17T11:29:44.211Z", "updated_at": "2024-11-17T11:29:44.211Z", "question": 55, "value": "unsure", "user_answer": 5}}, {"model": "djf_surveys.answer", "pk": 35, "fields": {"created_at": "2024-11-17T11:29:44.211Z", "updated_at": "2024-11-17T11:29:44.211Z", "question": 57, "value": "not_sure", "user_answer": 5}}, {"model": "djf_surveys.answer", "pk": 36, "fields": {"created_at": "2024-11-17T11:29:44.211Z", "updated_at": "2024-11-17T11:29:44.211Z", "question": 58, "value": "occasionally", "user_answer": 5}}, {"model": "djf_surveys.answer", "pk": 37, "fields": {"created_at": "2024-11-17T11:29:44.211Z", "updated_at": "2024-11-17T11:29:44.211Z", "question": 59, "value": "yes", "user_answer": 5}}, {"model": "djf_surveys.answer", "pk": 38, "fields": {"created_at": "2024-11-17T11:29:44.212Z", "updated_at": "2024-11-17T11:29:44.212Z", "question": 60, "value": "no", "user_answer": 5}}, {"model": "djf_surveys.answer", "pk": 39, "fields": {"created_at": "2024-11-17T11:33:46.678Z", "updated_at": "2024-11-17T11:33:46.678Z", "question": 42, "value": "bachelor_of_science_in_exercise_and_sports_sciences", "user_answer": 6}}, {"model": "djf_surveys.answer", "pk": 40, "fields": {"created_at": "2024-11-17T11:33:46.679Z", "updated_at": "2024-11-17T11:33:46.679Z", "question": 43, "value": "indang/main_campus", "user_answer": 6}}, {"model": "djf_surveys.answer", "pk": 41, "fields": {"created_at": "2024-11-17T11:33:46.679Z", "updated_at": "2024-11-17T11:33:46.679Z", "question": 40, "value": "third-year_student", "user_answer": 6}}, {"model": "djf_surveys.answer", "pk": 42, "fields": {"created_at": "2024-11-17T11:33:46.679Z", "updated_at": "2024-11-17T11:33:46.679Z", "question": 35, "value": "no._i_feel_it_lacks_diversity_and_inclusivity.", "user_answer": 6}}, {"model": "djf_surveys.answer", "pk": 43, "fields": {"created_at": "2024-11-17T11:33:46.679Z", "updated_at": "2024-11-17T11:33:46.679Z", "question": 36, "value": "it’s_somewhat_engaging._but_not_entirely_relevant.", "user_answer": 6}}, {"model": "djf_surveys.answer", "pk": 44, "fields": {"created_at": "2024-11-17T11:33:46.679Z", "updated_at": "2024-11-17T11:33:46.679Z", "question": 37, "value": "i_think_it_promotes_some_level_of_growth_but_not_enough_critical_thinking.", "user_answer": 6}}, {"model": "djf_surveys.answer", "pk": 45, "fields": {"created_at": "2024-11-17T11:33:46.680Z", "updated_at": "2024-11-17T11:33:46.680Z", "question": 38, "value": "yes._i_think_it_could_be_more_practical_and_applicable_to_real-world_scenarios.", "user_answer": 6}}, {"model": "djf_surveys.answer", "pk": 46, "fields": {"created_at": "2024-11-17T11:33:46.680Z", "updated_at": "2024-11-17T11:33:46.680Z", "question": 39, "value": "some_aspects_touch_on_mental_health._but_it_could_be_more_prominent.", "user_answer": 6}}, {"model": "djf_surveys.answer", "pk": 47, "fields": {"created_at": "2024-11-17T11:49:15.328Z", "updated_at": "2024-11-17T11:49:15.328Z", "question": 24, "value": "third-year_student", "user_answer": 7}}, {"model": "djf_surveys.answer", "pk": 48, "fields": {"created_at": "2024-11-17T11:49:15.328Z", "updated_at": "2024-11-17T11:49:15.329Z", "question": 25, "value": "indang/main_campus", "user_answer": 7}}, {"model": "djf_surveys.answer", "pk": 49, "fields": {"created_at": "2024-11-17T11:49:15.329Z", "updated_at": "2024-11-17T11:49:15.329Z", "question": 27, "value": "bachelor_of_science_in_exercise_and_sports_sciences", "user_answer": 7}}, {"model": "djf_surveys.answer", "pk": 50, "fields": {"created_at": "2024-11-17T11:49:15.329Z", "updated_at": "2024-11-17T11:49:15.329Z", "question": 28, "value": "the_mental_health_support_is_helpful;_but_there_could_be_more_options", "user_answer": 7}}, {"model": "djf_surveys.answer", "pk": 51, "fields": {"created_at": "2024-11-17T11:49:15.329Z", "updated_at": "2024-11-17T11:49:15.329Z", "question": 29, "value": "i’m_not_sure_if_there’s_enough_support_for_everyone_dealing_with_stress.", "user_answer": 7}}, {"model": "djf_surveys.answer", "pk": 52, "fields": {"created_at": "2024-11-17T11:49:15.329Z", "updated_at": "2024-11-17T11:49:15.329Z", "question": 30, "value": "yes._i’m_aware_of_several_programs_and_services.", "user_answer": 7}}, {"model": "djf_surveys.answer", "pk": 53, "fields": {"created_at": "2024-11-17T11:49:15.330Z", "updated_at": "2024-11-17T11:49:15.330Z", "question": 31, "value": "i’ve_seen_some_efforts_but_they_don’t_seem_comprehensive.", "user_answer": 7}}, {"model": "djf_surveys.answer", "pk": 54, "fields": {"created_at": "2024-11-17T11:49:15.330Z", "updated_at": "2024-11-17T11:49:15.330Z", "question": 64, "value": "occasionally;_i_feel_stressed_or_overwhelmed.", "user_answer": 7}}, {"model": "djf_surveys.answer", "pk": 55, "fields": {"created_at": "2024-11-17T11:51:00.798Z", "updated_at": "2024-11-17T11:51:00.798Z", "question": 23, "value": "third-year_student", "user_answer": 8}}, {"model": "djf_surveys.answer", "pk": 56, "fields": {"created_at": "2024-11-17T11:51:00.799Z", "updated_at": "2024-11-17T11:51:00.799Z", "question": 19, "value": "indang/main_campus", "user_answer": 8}}, {"model": "djf_surveys.answer", "pk": 57, "fields": {"created_at": "2024-11-17T11:51:00.799Z", "updated_at": "2024-11-17T11:51:00.799Z", "question": 18, "value": "bachelor_of_science_in_exercise_and_sports_sciences", "user_answer": 8}}, {"model": "djf_surveys.answer", "pk": 58, "fields": {"created_at": "2024-11-17T11:51:00.799Z", "updated_at": "2024-11-17T11:51:00.799Z", "question": 13, "value": "no._some_students/teachers/employee_are_treated_unfairly.", "user_answer": 8}}, {"model": "djf_surveys.answer", "pk": 59, "fields": {"created_at": "2024-11-17T11:51:00.799Z", "updated_at": "2024-11-17T11:51:00.799Z", "question": 14, "value": "i’ve_heard_others_mention_it._but_haven’t_personally_experienced_it.", "user_answer": 8}}, {"model": "djf_surveys.answer", "pk": 60, "fields": {"created_at": "2024-11-17T11:51:00.800Z", "updated_at": "2024-11-17T11:51:00.800Z", "question": 15, "value": "no._some__seem_to_be_treated_differently.", "user_answer": 8}}, {"model": "djf_surveys.answer", "pk": 61, "fields": {"created_at": "2024-11-17T11:51:00.800Z", "updated_at": "2024-11-17T11:51:00.800Z", "question": 16, "value": "no._the_systems_for_reporting_are_confusing_or_hard_to_access.", "user_answer": 8}}, {"model": "djf_surveys.answer", "pk": 62, "fields": {"created_at": "2024-11-17T11:51:00.800Z", "updated_at": "2024-11-17T11:51:00.800Z", "question": 17, "value": "no._i_don’t_think_enough_is_being_done.", "user_answer": 8}}, {"model": "djf_surveys.answer", "pk": 63, "fields": {"created_at": "2024-11-17T11:51:00.800Z", "updated_at": "2024-11-17T11:51:00.800Z", "question": 33, "value": "uncomfortable_-_i_feel_like_speaking_up_may_lead_to_consequences.", "user_answer": 8}}, {"model": "djf_surveys.answer", "pk": 64, "fields": {"created_at": "2024-11-17T11:51:00.800Z", "updated_at": "2024-11-17T11:51:00.800Z", "question": 34, "value": "i’ve_heard_others_discuss_it_but_i_haven’t_experienced_it_personally.", "user_answer": 8}}, {"model": "djf_surveys.answer", "pk": 65, "fields": {"created_at": "2024-11-17T12:00:31.332Z", "updated_at": "2024-11-17T12:00:31.332Z", "question": 65, "value": "No one can possibly predict the future. The best thing you can do is the best you can do now.", "user_answer": 9}}, {"model": "djf_surveys.answer", "pk": 66, "fields": {"created_at": "2024-11-17T12:33:35.979Z", "updated_at": "2024-11-19T05:12:44.349Z", "question": 22, "value": "none", "user_answer": 10}}, {"model": "djf_surveys.answer", "pk": 67, "fields": {"created_at": "2024-11-17T12:33:35.980Z", "updated_at": "2024-11-19T05:12:44.350Z", "question": 8, "value": "indang/main_campus", "user_answer": 10}}, {"model": "djf_surveys.answer", "pk": 68, "fields": {"created_at": "2024-11-17T12:33:35.981Z", "updated_at": "2024-11-19T05:12:44.352Z", "question": 11, "value": "none_/_university_staff", "user_answer": 10}}, {"model": "djf_surveys.answer", "pk": 69, "fields": {"created_at": "2024-11-17T12:33:35.981Z", "updated_at": "2024-11-19T05:12:44.352Z", "question": 10, "value": "a_compliment", "user_answer": 10}}, {"model": "djf_surveys.answer", "pk": 70, "fields": {"created_at": "2024-11-17T12:33:35.981Z", "updated_at": "2024-11-19T05:12:44.353Z", "question": 12, "value": "yes._i've_been_able_to_find_some_time_to_relax_and_enjoy_my_hobbies._it_helps_me_unwind.", "user_answer": 10}}, {"model": "djf_surveys.termsvalidators", "pk": 3, "fields": {"created_at": "2024-11-17T11:42:39.200Z", "updated_at": "2024-11-17T11:42:39.200Z", "question": 65, "terms": {"max_length": 1000, "min_length": 10}}}]